normalized_differentiation,AreaOccupied_AreaOccupied_cells,AreaOccupied_AreaOccupied_protrusion,AreaOccupied_Perimeter_cells,AreaOccupied_Perimeter_protrusion,AreaOccupied_TotalArea_cells,AreaOccupied_TotalArea_protrusion,Channel_cell,Channel_phase,Channel_protrusion,Count_cells,Count_protrusion,ExecutionTime_01Images,ExecutionTime_02Metadata,ExecutionTime_03NamesAndTypes,ExecutionTime_04Groups,ExecutionTime_05ApplyThreshold,ExecutionTime_06ApplyThreshold,ExecutionTime_07Morph,ExecutionTime_08IdentifyPrimaryObjects,ExecutionTime_09IdentifyPrimaryObjects,ExecutionTime_10OverlayOutlines,ExecutionTime_11SaveImages,ExecutionTime_12MeasureImageAreaOccupied,FileName_cell,FileName_phase,FileName_protrusion,Frame_cell,Frame_phase,Frame_protrusion,Group_Index,Group_Number,Height_cell,Height_phase,Height_protrusion,ImageNumber,ImageSet_ImageSet,MD5Digest_cell,MD5Digest_phase,MD5Digest_protrusion,Metadata_FileLocation,Metadata_Frame,Metadata_Series,Metadata_Site,Metadata_Well,Metadata_experiment,Metadata_ilastik,Metadata_time,ModuleError_01Images,ModuleError_02Metadata,ModuleError_03NamesAndTypes,ModuleError_04Groups,ModuleError_05ApplyThreshold,ModuleError_06ApplyThreshold,ModuleError_07Morph,ModuleError_08IdentifyPrimaryObjects,ModuleError_09IdentifyPrimaryObjects,ModuleError_10OverlayOutlines,ModuleError_11SaveImages,ModuleError_12MeasureImageAreaOccupied,PathName_cell,PathName_phase,PathName_protrusion,ProcessingStatus,Scaling_cell,Scaling_phase,Scaling_protrusion,Series_cell,Series_phase,Series_protrusion,Threshold_FinalThreshold_cell_thresh,Threshold_FinalThreshold_cells,Threshold_FinalThreshold_protrusion,Threshold_FinalThreshold_protrusion_thresh,Threshold_OrigThreshold_cell_thresh,Threshold_OrigThreshold_cells,Threshold_OrigThreshold_protrusion,Threshold_OrigThreshold_protrusion_thresh,Threshold_SumOfEntropies_cell_thresh,Threshold_SumOfEntropies_cells,Threshold_SumOfEntropies_protrusion,Threshold_SumOfEntropies_protrusion_thresh,Threshold_WeightedVariance_cell_thresh,Threshold_WeightedVariance_cells,Threshold_WeightedVariance_protrusion,Threshold_WeightedVariance_protrusion_thresh,URL_cell,URL_phase,URL_protrusion,Width_cell,Width_phase,Width_protrusion
0.009648913,20733,202,6368,80,1310720,1310720,-1,-1,-1,128,1,0,0,3.375,0,1.21875,0.765625,0.03125,1.546875,0.875,0.8125,2.265625,0.125,161212_Inhibitors_A1_1-1-0001_Probabilities Stage 2_2.tif,161212_Inhibitors_A1_1-1-0001.tif,161212_Inhibitors_A1_1-1-0001_Probabilities Stage 2_3.tif,0,0,0,1,1,1024,1024,1024,1,eLsNb8TUG63qh0LOGR3RGV4xNVrhD4L4oVIcgIo2OwAVt7Lq,ff2fb85f3e37e74de750e52aaa3d353c,17846d04118d36ca1e630877882513db,5455a847f151771b5762568e61bfd1de,nan,0,0,1,A1,nan,nan,1,0,0,0,0,0,0,0,0,0,0,0,0,C:\Users\karhohs\Documents\GitHub\2017_06_20_Machlus_megakarocyte_differentiation\images\time_series2,C:\Users\karhohs\Documents\GitHub\2017_06_20_Machlus_megakarocyte_differentiation\images\time_series2,C:\Users\karhohs\Documents\GitHub\2017_06_20_Machlus_megakarocyte_differentiation\images\time_series2,Done,1,255,1,0,0,0,0.5,0.5,0.5,0.3,0.5,0.5,0.5,0.3,-10.63386977,-6.345288977,-6.345450426,-11.36783215,0.783433433,0,0,1.099713343,file:///C:/Users/karhohs/Documents/GitHub/2017_06_20_Machlus_megakarocyte_differentiation/images/time_series2/161212_Inhibitors_A1_1-1-0001_Probabilities%20Stage%202_2.tif,file:///C:/Users/karhohs/Documents/GitHub/2017_06_20_Machlus_megakarocyte_differentiation/images/time_series2/161212_Inhibitors_A1_1-1-0001.tif,file:///C:/Users/karhohs/Documents/GitHub/2017_06_20_Machlus_megakarocyte_differentiation/images/time_series2/161212_Inhibitors_A1_1-1-0001_Probabilities%20Stage%202_3.tif,1280,1280,1280
0.012646752,21782,279,7497,113,1310720,1310720,-1,-1,-1,179,1,0,0,3.78125,0,1.25,0.828125,0.046875,2.109375,1.25,1.21875,2.9375,0.15625,161212_Inhibitors_A1_1-1-0002_Probabilities Stage 2_2.tif,161212_Inhibitors_A1_1-1-0002.tif,161212_Inhibitors_A1_1-1-0002_Probabilities Stage 2_3.tif,0,0,0,2,1,1024,1024,1024,2,eLsNb8TUG63qh0LOQYwTGI1W9sMgpkYr/EEQP1SKA1DRZgcAG4iy7Q==,303894956c93c8823cc77ce9a8984704,2c94be23463b130507554a623063855c,6ded48641f9c4e8a94c38c36bec8057a,nan,0,0,1,A1,nan,nan,2,0,0,0,0,0,0,0,0,0,0,0,0,C:\Users\karhohs\Documents\GitHub\2017_06_20_Machlus_megakarocyte_differentiation\images\time_series2,C:\Users\karhohs\Documents\GitHub\2017_06_20_Machlus_megakarocyte_differentiation\images\time_series2,C:\Users\karhohs\Documents\GitHub\2017_06_20_Machlus_megakarocyte_differentiation\images\time_series2,Done,1,255,1,0,0,0,0.5,0.5,0.5,0.3,0.5,0.5,0.5,0.3,-10.56950738,-6.34565849,-6.345526554,-11.52013156,0.924439762,0,0,1.138841277,file:///C:/Users/karhohs/Documents/GitHub/2017_06_20_Machlus_megakarocyte_differentiation/images/time_series2/161212_Inhibitors_A1_1-1-0002_Probabilities%20Stage%202_2.tif,file:///C:/Users/karhohs/Documents/GitHub/2017_06_20_Machlus_megakarocyte_differentiation/images/time_series2/161212_Inhibitors_A1_1-1-0002.tif,file:///C:/Users/karhohs/Documents/GitHub/2017_06_20_Machlus_megakarocyte_differentiation/images/time_series2/161212_Inhibitors_A1_1-1-0002_Probabilities%20Stage%202_3.tif,1280,1280,1280
0.020635891,19221,405,6004,237,1310720,1310720,-1,-1,-1,141,2,0,0,4.734375,0,0.96875,0.71875,0.046875,2.359375,1.34375,1.15625,4.125,0.140625,161212_Inhibitors_A1_1-1-0003_Probabilities Stage 2_2.tif,161212_Inhibitors_A1_1-1-0003.tif,161212_Inhibitors_A1_1-1-0003_Probabilities Stage 2_3.tif,0,0,0,3,1,1024,1024,1024,3,eLsNb8TUG63qh0LOQYwTGI9W9sMgpkYr/EEQP1SKA1DRZgcAIVmy8A==,e37b2bf5624d6101a681724e89f39c34,0a02535f6988901a85bfa3404f1dd348,c3d8b38364999aea86fbf50b550aba19,nan,0,0,1,A1,nan,nan,3,0,0,0,0,0,0,0,0,0,0,0,0,C:\Users\karhohs\Documents\GitHub\2017_06_20_Machlus_megakarocyte_differentiation\images\time_series2,C:\Users\karhohs\Documents\GitHub\2017_06_20_Machlus_megakarocyte_differentiation\images\time_series2,C:\Users\karhohs\Documents\GitHub\2017_06_20_Machlus_megakarocyte_differentiation\images\time_series2,Done,1,255,1,0,0,0,0.5,0.5,0.5,0.3,0.5,0.5,0.5,0.3,-10.32507019,-6.345390541,-6.345516506,-11.54228795,0.912023142,0,0,1.829686202,file:///C:/Users/karhohs/Documents/GitHub/2017_06_20_Machlus_megakarocyte_differentiation/images/time_series2/161212_Inhibitors_A1_1-1-0003_Probabilities%20Stage%202_2.tif,file:///C:/Users/karhohs/Documents/GitHub/2017_06_20_Machlus_megakarocyte_differentiation/images/time_series2/161212_Inhibitors_A1_1-1-0003.tif,file:///C:/Users/karhohs/Documents/GitHub/2017_06_20_Machlus_megakarocyte_differentiation/images/time_series2/161212_Inhibitors_A1_1-1-0003_Probabilities%20Stage%202_3.tif,1280,1280,1280
0.017796703,17992,326,5923,174,1310720,1310720,-1,-1,-1,151,1,0.015625,0,4.71875,0,1.234375,0.71875,0.0625,2.375,1.265625,1.203125,3.6875,0.140625,161212_Inhibitors_A1_1-1-0004_Probabilities Stage 2_2.tif,161212_Inhibitors_A1_1-1-0004.tif,161212_Inhibitors_A1_1-1-0004_Probabilities Stage 2_3.tif,0,0,0,4,1,1024,1024,1024,4,eLsNb8TUG63qh0LOQYwTjPZrhkNMjVb4gyB+qBQHoKLNDgAnKrLz,4e7dba0e863958d7ca776f12b9d77009,3b5cdb8335878276cb28cf1f13cf9a11,873fb80f538e1af390a8df130a00819b,nan,0,0,1,A1,nan,nan,4,0,0,0,0,0,0,0,0,0,0,0,0,C:\Users\karhohs\Documents\GitHub\2017_06_20_Machlus_megakarocyte_differentiation\images\time_series2,C:\Users\karhohs\Documents\GitHub\2017_06_20_Machlus_megakarocyte_differentiation\images\time_series2,C:\Users\karhohs\Documents\GitHub\2017_06_20_Machlus_megakarocyte_differentiation\images\time_series2,Done,1,255,1,0,0,0,0.5,0.5,0.5,0.3,0.5,0.5,0.5,0.3,-10.56879217,-6.345506752,-6.345502095,-11.6845333,1.232192991,0,0,1.952477147,file:///C:/Users/karhohs/Documents/GitHub/2017_06_20_Machlus_megakarocyte_differentiation/images/time_series2/161212_Inhibitors_A1_1-1-0004_Probabilities%20Stage%202_2.tif,file:///C:/Users/karhohs/Documents/GitHub/2017_06_20_Machlus_megakarocyte_differentiation/images/time_series2/161212_Inhibitors_A1_1-1-0004.tif,file:///C:/Users/karhohs/Documents/GitHub/2017_06_20_Machlus_megakarocyte_differentiation/images/time_series2/161212_Inhibitors_A1_1-1-0004_Probabilities%20Stage%202_3.tif,1280,1280,1280
0.014244036,17232,249,5721,127,1310720,1310720,-1,-1,-1,153,1,0,0,4.875,0,0.75,0.71875,0.0625,2.28125,1.328125,1.171875,3.234375,0.140625,161212_Inhibitors_A1_1-1-0005_Probabilities Stage 2_2.tif,161212_Inhibitors_A1_1-1-0005.tif,161212_Inhibitors_A1_1-1-0005_Probabilities Stage 2_3.tif,0,0,0,5,1,1024,1024,1024,5,eLsNb8TUG63qh0LOQYwTmI5W9sMgpkYr/EEQP1SKA1DRZgcALPuy9g==,2041f8a2bba17f41ebbf86b18530dc20,86ee54b7cb78bc60ab0517d151e8dfac,6420396d0afd75856ef4dcebcbd05bf6,nan,0,0,1,A1,nan,nan,5,0,0,0,0,0,0,0,0,0,0,0,0,C:\Users\karhohs\Documents\GitHub\2017_06_20_Machlus_megakarocyte_differentiation\images\time_series2,C:\Users\karhohs\Documents\GitHub\2017_06_20_Machlus_megakarocyte_differentiation\images\time_series2,C:\Users\karhohs\Documents\GitHub\2017_06_20_Machlus_megakarocyte_differentiation\images\time_series2,Done,1,255,1,0,0,0,0.5,0.5,0.5,0.3,0.5,0.5,0.5,0.3,-10.56013423,-6.345536899,-6.345508017,-11.69047586,1.2534568,0,0,1.926068476,file:///C:/Users/karhohs/Documents/GitHub/2017_06_20_Machlus_megakarocyte_differentiation/images/time_series2/161212_Inhibitors_A1_1-1-0005_Probabilities%20Stage%202_2.tif,file:///C:/Users/karhohs/Documents/GitHub/2017_06_20_Machlus_megakarocyte_differentiation/images/time_series2/161212_Inhibitors_A1_1-1-0005.tif,file:///C:/Users/karhohs/Documents/GitHub/2017_06_20_Machlus_megakarocyte_differentiation/images/time_series2/161212_Inhibitors_A1_1-1-0005_Probabilities%20Stage%202_3.tif,1280,1280,1280
0.05663091,15742,945,5016,640,1310720,1310720,-1,-1,-1,120,4,0,0,5.546875,0,0.75,0.75,0.046875,2.34375,1.3125,1.25,3.84375,0.125,161212_Inhibitors_A1_1-1-0006_Probabilities Stage 2_2.tif,161212_Inhibitors_A1_1-1-0006.tif,161212_Inhibitors_A1_1-1-0006_Probabilities Stage 2_3.tif,0,0,0,6,1,1024,1024,1024,6,eLsNb8TUG63qh0LOQYwTmI1W9sMgpkYr/EEQP1SKA1DRZgcAMsyy+Q==,d117d2fee53a71b56b3997d444a689f0,fb1cd73d316bd0a3d711b5d2ca1fc7a5,36b9977b9c122a1f696d164a5002554b,nan,0,0,1,A1,nan,nan,6,0,0,0,0,0,0,0,0,0,0,0,0,C:\Users\karhohs\Documents\GitHub\2017_06_20_Machlus_megakarocyte_differentiation\images\time_series2,C:\Users\karhohs\Documents\GitHub\2017_06_20_Machlus_megakarocyte_differentiation\images\time_series2,C:\Users\karhohs\Documents\GitHub\2017_06_20_Machlus_megakarocyte_differentiation\images\time_series2,Done,1,255,1,0,0,0,0.5,0.5,0.5,0.3,0.5,0.5,0.5,0.3,-10.6883131,-6.345461485,-6.345614349,-11.58985945,1.140498765,0,0,2.01826157,file:///C:/Users/karhohs/Documents/GitHub/2017_06_20_Machlus_megakarocyte_differentiation/images/time_series2/161212_Inhibitors_A1_1-1-0006_Probabilities%20Stage%202_2.tif,file:///C:/Users/karhohs/Documents/GitHub/2017_06_20_Machlus_megakarocyte_differentiation/images/time_series2/161212_Inhibitors_A1_1-1-0006.tif,file:///C:/Users/karhohs/Documents/GitHub/2017_06_20_Machlus_megakarocyte_differentiation/images/time_series2/161212_Inhibitors_A1_1-1-0006_Probabilities%20Stage%202_3.tif,1280,1280,1280
0.047415058,16233,808,5081,457,1310720,1310720,-1,-1,-1,115,4,0,0,4.390625,0,1.234375,0.75,0.0625,2.390625,1.265625,1.25,3.515625,0.125,161212_Inhibitors_A1_1-1-0007_Probabilities Stage 2_2.tif,161212_Inhibitors_A1_1-1-0007.tif,161212_Inhibitors_A1_1-1-0007_Probabilities Stage 2_3.tif,0,0,0,7,1,1024,1024,1024,7,eLsNb8TUG63qh0LOQYwTmI9W9sMgpkYr/EEQP1SKA1DRZgcAOJ2y/A==,9cae4e6eff968c3773fd6f051db359b9,b5a6a180c41f2240a05baac7396c8e42,2de16bbf356668979f35049ca07ee359,nan,0,0,1,A1,nan,nan,7,0,0,0,0,0,0,0,0,0,0,0,0,C:\Users\karhohs\Documents\GitHub\2017_06_20_Machlus_megakarocyte_differentiation\images\time_series2,C:\Users\karhohs\Documents\GitHub\2017_06_20_Machlus_megakarocyte_differentiation\images\time_series2,C:\Users\karhohs\Documents\GitHub\2017_06_20_Machlus_megakarocyte_differentiation\images\time_series2,Done,1,255,1,0,0,0,0.5,0.5,0.5,0.3,0.5,0.5,0.5,0.3,-10.71641018,-6.345509719,-6.345633353,-11.61138772,1.166026348,0,0,2.083864606,file:///C:/Users/karhohs/Documents/GitHub/2017_06_20_Machlus_megakarocyte_differentiation/images/time_series2/161212_Inhibitors_A1_1-1-0007_Probabilities%20Stage%202_2.tif,file:///C:/Users/karhohs/Documents/GitHub/2017_06_20_Machlus_megakarocyte_differentiation/images/time_series2/161212_Inhibitors_A1_1-1-0007.tif,file:///C:/Users/karhohs/Documents/GitHub/2017_06_20_Machlus_megakarocyte_differentiation/images/time_series2/161212_Inhibitors_A1_1-1-0007_Probabilities%20Stage%202_3.tif,1280,1280,1280
0.046531994,16331,797,5189,346,1310720,1310720,-1,-1,-1,134,3,0,0,2.65625,0,1.03125,0.59375,0.046875,2.015625,1.25,1.203125,1.296875,0.25,161212_Inhibitors_A1_1-1-0008_Probabilities Stage 2_2.tif,161212_Inhibitors_A1_1-1-0008.tif,161212_Inhibitors_A1_1-1-0008_Probabilities Stage 2_3.tif,0,0,0,8,1,1024,1024,1024,8,eLsNb8TUG63qh0LOQYwTWIxW9sMgpkYr/EEQP1SKA1DRZgcAPm6y/w==,143ff74ba8e35e32f71a28a7150fc1a6,1915cacc291e46501ed503a2558f1509,4f4e59d3baed7df6f03c2ee361a15874,nan,0,0,1,A1,nan,nan,8,0,0,0,0,0,0,0,0,0,0,0,0,C:\Users\karhohs\Documents\GitHub\2017_06_20_Machlus_megakarocyte_differentiation\images\time_series2,C:\Users\karhohs\Documents\GitHub\2017_06_20_Machlus_megakarocyte_differentiation\images\time_series2,C:\Users\karhohs\Documents\GitHub\2017_06_20_Machlus_megakarocyte_differentiation\images\time_series2,Done,1,255,1,0,0,0,0.5,0.5,0.5,0.3,0.5,0.5,0.5,0.3,-10.75332888,-6.345621995,-6.345486109,-11.70749542,1.085281644,0,0,2.010749949,file:///C:/Users/karhohs/Documents/GitHub/2017_06_20_Machlus_megakarocyte_differentiation/images/time_series2/161212_Inhibitors_A1_1-1-0008_Probabilities%20Stage%202_2.tif,file:///C:/Users/karhohs/Documents/GitHub/2017_06_20_Machlus_megakarocyte_differentiation/images/time_series2/161212_Inhibitors_A1_1-1-0008.tif,file:///C:/Users/karhohs/Documents/GitHub/2017_06_20_Machlus_megakarocyte_differentiation/images/time_series2/161212_Inhibitors_A1_1-1-0008_Probabilities%20Stage%202_3.tif,1280,1280,1280
0.103790925,15603,1807,4958,689,1310720,1310720,-1,-1,-1,125,5,0,0,1.046875,0,0.75,0.71875,0.03125,1.921875,0.953125,0.890625,0.40625,0.09375,161212_Inhibitors_A1_1-1-0009_Probabilities Stage 2_2.tif,161212_Inhibitors_A1_1-1-0009.tif,161212_Inhibitors_A1_1-1-0009_Probabilities Stage 2_3.tif,0,0,0,9,1,1024,1024,1024,9,eLsNb8TUG63qh0LOQYwTWI5W9sMgpkYr/EEQP1SKA1DRZgcARD+zAg==,96f5c216ff745e7d782ac9cc70ba42dd,9a48577b0ef7dbe8c68eb99a5eaff3db,d864558e2ce98d5b3e7e99454770b957,nan,0,0,1,A1,nan,nan,9,0,0,0,0,0,0,0,0,0,0,0,0,C:\Users\karhohs\Documents\GitHub\2017_06_20_Machlus_megakarocyte_differentiation\images\time_series2,C:\Users\karhohs\Documents\GitHub\2017_06_20_Machlus_megakarocyte_differentiation\images\time_series2,C:\Users\karhohs\Documents\GitHub\2017_06_20_Machlus_megakarocyte_differentiation\images\time_series2,Done,1,255,1,0,0,0,0.5,0.5,0.5,0.3,0.5,0.5,0.5,0.3,-10.77381458,-6.345629414,-6.345527201,-11.70215802,1.085758031,0,0,2.043858361,file:///C:/Users/karhohs/Documents/GitHub/2017_06_20_Machlus_megakarocyte_differentiation/images/time_series2/161212_Inhibitors_A1_1-1-0009_Probabilities%20Stage%202_2.tif,file:///C:/Users/karhohs/Documents/GitHub/2017_06_20_Machlus_megakarocyte_differentiation/images/time_series2/161212_Inhibitors_A1_1-1-0009.tif,file:///C:/Users/karhohs/Documents/GitHub/2017_06_20_Machlus_megakarocyte_differentiation/images/time_series2/161212_Inhibitors_A1_1-1-0009_Probabilities%20Stage%202_3.tif,1280,1280,1280
0.035528494,16315,601,5276,297,1310720,1310720,-1,-1,-1,146,2,0,0,3.3125,0,0.734375,0.609375,0.03125,1.625,0.96875,1.125,1.234375,0.28125,161212_Inhibitors_A1_1-1-0010_Probabilities Stage 2_2.tif,161212_Inhibitors_A1_1-1-0010.tif,161212_Inhibitors_A1_1-1-0010_Probabilities Stage 2_3.tif,0,0,0,10,1,1024,1024,1024,10,eLsNb8TUG63qh0LOQfRr8FUjo5X9UImp0Qp/EMQPleIAVLTZAQAVurLq,aff7417c226299f8babc234df23eff41,0d0b7977804f0861af7f23ba2f4c4be3,f9bcfa5d548074fbc880710f32cc7a4c,nan,0,0,1,A1,nan,nan,10,0,0,0,0,0,0,0,0,0,0,0,0,C:\Users\karhohs\Documents\GitHub\2017_06_20_Machlus_megakarocyte_differentiation\images\time_series2,C:\Users\karhohs\Documents\GitHub\2017_06_20_Machlus_megakarocyte_differentiation\images\time_series2,C:\Users\karhohs\Documents\GitHub\2017_06_20_Machlus_megakarocyte_differentiation\images\time_series2,Done,1,255,1,0,0,0,0.5,0.5,0.5,0.3,0.5,0.5,0.5,0.3,-10.82139065,-6.345654204,-6.345503376,-11.51462764,0.983970414,0,0,1.592151736,file:///C:/Users/karhohs/Documents/GitHub/2017_06_20_Machlus_megakarocyte_differentiation/images/time_series2/161212_Inhibitors_A1_1-1-0010_Probabilities%20Stage%202_2.tif,file:///C:/Users/karhohs/Documents/GitHub/2017_06_20_Machlus_megakarocyte_differentiation/images/time_series2/161212_Inhibitors_A1_1-1-0010.tif,file:///C:/Users/karhohs/Documents/GitHub/2017_06_20_Machlus_megakarocyte_differentiation/images/time_series2/161212_Inhibitors_A1_1-1-0010_Probabilities%20Stage%202_3.tif,1280,1280,1280
0.071728709,15685,1212,5161,690,1310720,1310720,-1,-1,-1,138,4,0,0,2.859375,0,0.78125,0.71875,0.0625,2.234375,1.296875,1.375,0.734375,0.09375,161212_Inhibitors_A1_1-1-0011_Probabilities Stage 2_2.tif,161212_Inhibitors_A1_1-1-0011.tif,161212_Inhibitors_A1_1-1-0011_Probabilities Stage 2_3.tif,0,0,0,11,1,1024,1024,1024,11,eLsNb8TUG63qh0LOQfRrRiv74RBToxX+IIgfKsUBqGizAwAbi7Lt,f2075bd0f75356de4a270abdcdfe848b,151034e64ae8ea44155c9a8e7c5fe1ad,f236a8c7e9936d31e65e7bcba871e40f,nan,0,0,1,A1,nan,nan,11,0,0,0,0,0,0,0,0,0,0,0,0,C:\Users\karhohs\Documents\GitHub\2017_06_20_Machlus_megakarocyte_differentiation\images\time_series2,C:\Users\karhohs\Documents\GitHub\2017_06_20_Machlus_megakarocyte_differentiation\images\time_series2,C:\Users\karhohs\Documents\GitHub\2017_06_20_Machlus_megakarocyte_differentiation\images\time_series2,Done,1,255,1,0,0,0,0.5,0.5,0.5,0.3,0.5,0.5,0.5,0.3,-10.80822013,-6.345566437,-6.345385489,-11.44877614,1.01972561,0,0,1.734904734,file:///C:/Users/karhohs/Documents/GitHub/2017_06_20_Machlus_megakarocyte_differentiation/images/time_series2/161212_Inhibitors_A1_1-1-0011_Probabilities%20Stage%202_2.tif,file:///C:/Users/karhohs/Documents/GitHub/2017_06_20_Machlus_megakarocyte_differentiation/images/time_series2/161212_Inhibitors_A1_1-1-0011.tif,file:///C:/Users/karhohs/Documents/GitHub/2017_06_20_Machlus_megakarocyte_differentiation/images/time_series2/161212_Inhibitors_A1_1-1-0011_Probabilities%20Stage%202_3.tif,1280,1280,1280
0.059333752,14966,944,4682,469,1310720,1310720,-1,-1,-1,111,4,0,0,2.609375,0,0.78125,0.703125,0.046875,2.296875,1.375,1.296875,0.640625,0.109375,161212_Inhibitors_A1_1-1-0012_Probabilities Stage 2_2.tif,161212_Inhibitors_A1_1-1-0012.tif,161212_Inhibitors_A1_1-1-0012_Probabilities Stage 2_3.tif,0,0,0,12,1,1024,1024,1024,12,eLsNb8TUG63qh0LOQfRrjEYr+2EQU6MV/iCIHyrFAahoswMAIVyy8A==,b81b0443f51c70e2076a61c600f9e935,c715696ada16c7aa3307a2a2dd3bba8f,5e03854c430d4e2ba298f260a95bf240,nan,0,0,1,A1,nan,nan,12,0,0,0,0,0,0,0,0,0,0,0,0,C:\Users\karhohs\Documents\GitHub\2017_06_20_Machlus_megakarocyte_differentiation\images\time_series2,C:\Users\karhohs\Documents\GitHub\2017_06_20_Machlus_megakarocyte_differentiation\images\time_series2,C:\Users\karhohs\Documents\GitHub\2017_06_20_Machlus_megakarocyte_differentiation\images\time_series2,Done,1,255,1,0,0,0,0.5,0.5,0.5,0.3,0.5,0.5,0.5,0.3,-10.73341168,-6.345655102,-6.345410606,-11.78838698,0.914381874,0,0,2.129958429,file:///C:/Users/karhohs/Documents/GitHub/2017_06_20_Machlus_megakarocyte_differentiation/images/time_series2/161212_Inhibitors_A1_1-1-0012_Probabilities%20Stage%202_2.tif,file:///C:/Users/karhohs/Documents/GitHub/2017_06_20_Machlus_megakarocyte_differentiation/images/time_series2/161212_Inhibitors_A1_1-1-0012.tif,file:///C:/Users/karhohs/Documents/GitHub/2017_06_20_Machlus_megakarocyte_differentiation/images/time_series2/161212_Inhibitors_A1_1-1-0012_Probabilities%20Stage%202_3.tif,1280,1280,1280
0.018035568,15626,287,4914,150,1310720,1310720,-1,-1,-1,106,1,0,0,2.40625,0,0.875,0.75,0.0625,2.265625,1.3125,1.296875,0.734375,0.125,161212_Inhibitors_A1_1-1-0013_Probabilities Stage 2_2.tif,161212_Inhibitors_A1_1-1-0013.tif,161212_Inhibitors_A1_1-1-0013_Probabilities Stage 2_3.tif,0,0,0,13,1,1024,1024,1024,13,eLsNb8TUG63qh0LOQfRrjEcr+2EQU6MV/iCIHyrFAahoswMAJy2y8w==,2d18a0233694cf4fadd6761abaafa1dc,b170b04c56a0f2899c2a8ec7093414e0,9e77ecad584cf90b77c0e40720780fcb,nan,0,0,1,A1,nan,nan,13,0,0,0,0,0,0,0,0,0,0,0,0,C:\Users\karhohs\Documents\GitHub\2017_06_20_Machlus_megakarocyte_differentiation\images\time_series2,C:\Users\karhohs\Documents\GitHub\2017_06_20_Machlus_megakarocyte_differentiation\images\time_series2,C:\Users\karhohs\Documents\GitHub\2017_06_20_Machlus_megakarocyte_differentiation\images\time_series2,Done,1,255,1,0,0,0,0.5,0.5,0.5,0.3,0.5,0.5,0.5,0.3,-10.72121757,-6.345582257,-6.345441124,-11.78881778,0.914523285,0,0,2.131339246,file:///C:/Users/karhohs/Documents/GitHub/2017_06_20_Machlus_megakarocyte_differentiation/images/time_series2/161212_Inhibitors_A1_1-1-0013_Probabilities%20Stage%202_2.tif,file:///C:/Users/karhohs/Documents/GitHub/2017_06_20_Machlus_megakarocyte_differentiation/images/time_series2/161212_Inhibitors_A1_1-1-0013.tif,file:///C:/Users/karhohs/Documents/GitHub/2017_06_20_Machlus_megakarocyte_differentiation/images/time_series2/161212_Inhibitors_A1_1-1-0013_Probabilities%20Stage%202_3.tif,1280,1280,1280
0.057895077,14564,895,4899,432,1310720,1310720,-1,-1,-1,120,3,0,0,2.609375,0,0.765625,0.75,0.0625,2.21875,1.34375,1.359375,0.796875,0.125,161212_Inhibitors_A1_1-1-0014_Probabilities Stage 2_2.tif,161212_Inhibitors_A1_1-1-0014.tif,161212_Inhibitors_A1_1-1-0014_Probabilities Stage 2_3.tif,0,0,0,14,1,1024,1024,1024,14,eLsNb8TUG63qh0LOGe3XDK+YGq3wB0H8UCkOQEWbHQAs/rL2,ee55e7da681361574a9d419ee924f1bb,6ba5d1cc8ac14717be1695c987f259ed,99ccc28fb0bc9400ef309e61a652cd6e,nan,0,0,1,A1,nan,nan,14,0,0,0,0,0,0,0,0,0,0,0,0,C:\Users\karhohs\Documents\GitHub\2017_06_20_Machlus_megakarocyte_differentiation\images\time_series2,C:\Users\karhohs\Documents\GitHub\2017_06_20_Machlus_megakarocyte_differentiation\images\time_series2,C:\Users\karhohs\Documents\GitHub\2017_06_20_Machlus_megakarocyte_differentiation\images\time_series2,Done,1,255,1,0,0,0,0.5,0.5,0.5,0.3,0.5,0.5,0.5,0.3,-10.72747776,-6.345574767,-6.345463996,-11.73263113,1.186027331,0,0,2.296318472,file:///C:/Users/karhohs/Documents/GitHub/2017_06_20_Machlus_megakarocyte_differentiation/images/time_series2/161212_Inhibitors_A1_1-1-0014_Probabilities%20Stage%202_2.tif,file:///C:/Users/karhohs/Documents/GitHub/2017_06_20_Machlus_megakarocyte_differentiation/images/time_series2/161212_Inhibitors_A1_1-1-0014.tif,file:///C:/Users/karhohs/Documents/GitHub/2017_06_20_Machlus_megakarocyte_differentiation/images/time_series2/161212_Inhibitors_A1_1-1-0014_Probabilities%20Stage%202_3.tif,1280,1280,1280
0.069521798,14535,1086,4663,501,1310720,1310720,-1,-1,-1,105,3,0.015625,0,1.28125,0,0.765625,0.734375,0.03125,2.265625,1.3125,1.265625,0.71875,0.109375,161212_Inhibitors_A1_1-1-0015_Probabilities Stage 2_2.tif,161212_Inhibitors_A1_1-1-0015.tif,161212_Inhibitors_A1_1-1-0015_Probabilities Stage 2_3.tif,0,0,0,15,1,1024,1024,1024,15,eLsNb8TUG63qh0LOQfRrTEcr+2EQU6MV/iCIHyrFAahoswMAMs+y+Q==,bd2fd806b811252d251afb01623e7b1b,f5cff3d5b53406dd9b79547fc116185b,1abc38374f4878999cc82080c1afe4dc,nan,0,0,1,A1,nan,nan,15,0,0,0,0,0,0,0,0,0,0,0,0,C:\Users\karhohs\Documents\GitHub\2017_06_20_Machlus_megakarocyte_differentiation\images\time_series2,C:\Users\karhohs\Documents\GitHub\2017_06_20_Machlus_megakarocyte_differentiation\images\time_series2,C:\Users\karhohs\Documents\GitHub\2017_06_20_Machlus_megakarocyte_differentiation\images\time_series2,Done,1,255,1,0,0,0,0.5,0.5,0.5,0.3,0.5,0.5,0.5,0.3,-10.72034225,-6.345528102,-6.345348131,-11.75700631,1.188950098,0,0,2.337589983,file:///C:/Users/karhohs/Documents/GitHub/2017_06_20_Machlus_megakarocyte_differentiation/images/time_series2/161212_Inhibitors_A1_1-1-0015_Probabilities%20Stage%202_2.tif,file:///C:/Users/karhohs/Documents/GitHub/2017_06_20_Machlus_megakarocyte_differentiation/images/time_series2/161212_Inhibitors_A1_1-1-0015.tif,file:///C:/Users/karhohs/Documents/GitHub/2017_06_20_Machlus_megakarocyte_differentiation/images/time_series2/161212_Inhibitors_A1_1-1-0015_Probabilities%20Stage%202_3.tif,1280,1280,1280
0.078772699,14712,1258,4628,605,1310720,1310720,-1,-1,-1,110,4,0,0,0.75,0,0.671875,0.765625,0.0625,2.3125,1.328125,1.046875,0.53125,0.109375,161212_Inhibitors_A1_1-1-0016_Probabilities Stage 2_2.tif,161212_Inhibitors_A1_1-1-0016.tif,161212_Inhibitors_A1_1-1-0016_Probabilities Stage 2_3.tif,0,0,0,16,1,1024,1024,1024,16,eLsNb8TUG63qh0LOQfRrzEYr+2EQU6MV/iCIHyrFAahoswMAOKCy/A==,580bab232b2277ed256b839335f9d312,59885592209fe1368a67d61bfde3394d,71f8e767d37a799cf344ba11a7687afb,nan,0,0,1,A1,nan,nan,16,0,0,0,0,0,0,0,0,0,0,0,0,C:\Users\karhohs\Documents\GitHub\2017_06_20_Machlus_megakarocyte_differentiation\images\time_series2,C:\Users\karhohs\Documents\GitHub\2017_06_20_Machlus_megakarocyte_differentiation\images\time_series2,C:\Users\karhohs\Documents\GitHub\2017_06_20_Machlus_megakarocyte_differentiation\images\time_series2,Done,1,255,1,0,0,0,0.5,0.5,0.5,0.3,0.5,0.5,0.5,0.3,-10.73595174,-6.345461352,-6.345615055,-11.81100951,0.949561438,0,0,2.583333562,file:///C:/Users/karhohs/Documents/GitHub/2017_06_20_Machlus_megakarocyte_differentiation/images/time_series2/161212_Inhibitors_A1_1-1-0016_Probabilities%20Stage%202_2.tif,file:///C:/Users/karhohs/Documents/GitHub/2017_06_20_Machlus_megakarocyte_differentiation/images/time_series2/161212_Inhibitors_A1_1-1-0016.tif,file:///C:/Users/karhohs/Documents/GitHub/2017_06_20_Machlus_megakarocyte_differentiation/images/time_series2/161212_Inhibitors_A1_1-1-0016_Probabilities%20Stage%202_3.tif,1280,1280,1280
0.061678832,15426,1014,4766,503,1310720,1310720,-1,-1,-1,104,3,0,0,1.34375,0,0.78125,0.75,0.0625,1.765625,1,1,0.59375,0.09375,161212_Inhibitors_A1_1-1-0017_Probabilities Stage 2_2.tif,161212_Inhibitors_A1_1-1-0017.tif,161212_Inhibitors_A1_1-1-0017_Probabilities Stage 2_3.tif,0,0,0,17,1,1024,1024,1024,17,eLsNb8TUG63qh0LOQfRrzEcr+2EQU6MV/iCIHyrFAahoswMAPnGy/w==,d0edc0ca230079050128692a6adc1736,d1bcec63971ede5a9b2f5af01cd46715,39ee1a6594ac8be4f1e649c9266ccbc3,nan,0,0,1,A1,nan,nan,17,0,0,0,0,0,0,0,0,0,0,0,0,C:\Users\karhohs\Documents\GitHub\2017_06_20_Machlus_megakarocyte_differentiation\images\time_series2,C:\Users\karhohs\Documents\GitHub\2017_06_20_Machlus_megakarocyte_differentiation\images\time_series2,C:\Users\karhohs\Documents\GitHub\2017_06_20_Machlus_megakarocyte_differentiation\images\time_series2,Done,1,255,1,0,0,0,0.5,0.5,0.5,0.3,0.5,0.5,0.5,0.3,-10.73683396,-6.345609116,-6.345539006,-11.7926477,0.935646592,0,0,2.514898798,file:///C:/Users/karhohs/Documents/GitHub/2017_06_20_Machlus_megakarocyte_differentiation/images/time_series2/161212_Inhibitors_A1_1-1-0017_Probabilities%20Stage%202_2.tif,file:///C:/Users/karhohs/Documents/GitHub/2017_06_20_Machlus_megakarocyte_differentiation/images/time_series2/161212_Inhibitors_A1_1-1-0017.tif,file:///C:/Users/karhohs/Documents/GitHub/2017_06_20_Machlus_megakarocyte_differentiation/images/time_series2/161212_Inhibitors_A1_1-1-0017_Probabilities%20Stage%202_3.tif,1280,1280,1280
0.025013028,14968,384,5033,255,1310720,1310720,-1,-1,-1,131,2,0,0,1.625,0,0.703125,0.6875,0.046875,2.078125,1.359375,1.328125,1.171875,0.265625,161212_Inhibitors_A1_1-1-0018_Probabilities Stage 2_2.tif,161212_Inhibitors_A1_1-1-0018.tif,161212_Inhibitors_A1_1-1-0018_Probabilities Stage 2_3.tif,0,0,0,18,1,1024,1024,1024,18,eLsNb8TUG63qh0LOQfRrLEYr+2EQU6MV/iCIHyrFAahoswMAREKzAg==,e085ab77fe2f534d71699ebcd465871a,c12ac599cc0ca0426e022ba0aadcbb41,77a2f8529878077c47f24070a935b565,nan,0,0,1,A1,nan,nan,18,0,0,0,0,0,0,0,0,0,0,0,0,C:\Users\karhohs\Documents\GitHub\2017_06_20_Machlus_megakarocyte_differentiation\images\time_series2,C:\Users\karhohs\Documents\GitHub\2017_06_20_Machlus_megakarocyte_differentiation\images\time_series2,C:\Users\karhohs\Documents\GitHub\2017_06_20_Machlus_megakarocyte_differentiation\images\time_series2,Done,1,255,1,0,0,0,0.5,0.5,0.5,0.3,0.5,0.5,0.5,0.3,-10.72364184,-6.345597717,-6.345412652,-11.78034366,1.11629983,0,0,2.290774988,file:///C:/Users/karhohs/Documents/GitHub/2017_06_20_Machlus_megakarocyte_differentiation/images/time_series2/161212_Inhibitors_A1_1-1-0018_Probabilities%20Stage%202_2.tif,file:///C:/Users/karhohs/Documents/GitHub/2017_06_20_Machlus_megakarocyte_differentiation/images/time_series2/161212_Inhibitors_A1_1-1-0018.tif,file:///C:/Users/karhohs/Documents/GitHub/2017_06_20_Machlus_megakarocyte_differentiation/images/time_series2/161212_Inhibitors_A1_1-1-0018_Probabilities%20Stage%202_3.tif,1280,1280,1280
0.073915303,14258,1138,4805,636,1310720,1310720,-1,-1,-1,136,5,0,0,2.46875,0,0.921875,0.6875,0.046875,2.375,1.390625,1.234375,1.1875,0.28125,161212_Inhibitors_A1_1-1-0019_Probabilities Stage 2_2.tif,161212_Inhibitors_A1_1-1-0019.tif,161212_Inhibitors_A1_1-1-0019_Probabilities Stage 2_3.tif,0,0,0,19,1,1024,1024,1024,19,eLsNb8TUG63qh0LOQfRrLEcr+2EQU6MV/iCIHyrFAahoswMAShOzBQ==,09b32448beaa9e2ec6158598fde2f2a2,c923bb460fd1404ce445a2649bbed921,89f72714f77a1249f6acda0fa5aaa720,nan,0,0,1,A1,nan,nan,19,0,0,0,0,0,0,0,0,0,0,0,0,C:\Users\karhohs\Documents\GitHub\2017_06_20_Machlus_megakarocyte_differentiation\images\time_series2,C:\Users\karhohs\Documents\GitHub\2017_06_20_Machlus_megakarocyte_differentiation\images\time_series2,C:\Users\karhohs\Documents\GitHub\2017_06_20_Machlus_megakarocyte_differentiation\images\time_series2,Done,1,255,1,0,0,0,0.5,0.5,0.5,0.3,0.5,0.5,0.5,0.3,-10.74606009,-6.345432072,-6.345652386,-11.80934425,1.174902566,0,0,2.401050381,file:///C:/Users/karhohs/Documents/GitHub/2017_06_20_Machlus_megakarocyte_differentiation/images/time_series2/161212_Inhibitors_A1_1-1-0019_Probabilities%20Stage%202_2.tif,file:///C:/Users/karhohs/Documents/GitHub/2017_06_20_Machlus_megakarocyte_differentiation/images/time_series2/161212_Inhibitors_A1_1-1-0019.tif,file:///C:/Users/karhohs/Documents/GitHub/2017_06_20_Machlus_megakarocyte_differentiation/images/time_series2/161212_Inhibitors_A1_1-1-0019_Probabilities%20Stage%202_3.tif,1280,1280,1280
0.030371567,15005,470,5010,261,1310720,1310720,-1,-1,-1,125,2,0,0,1.90625,0,1.515625,0.984375,0.0625,2.28125,1.390625,1.296875,1.15625,0.265625,161212_Inhibitors_A1_1-1-0020_Probabilities Stage 2_2.tif,161212_Inhibitors_A1_1-1-0020.tif,161212_Inhibitors_A1_1-1-0020_Probabilities Stage 2_3.tif,0,0,0,20,1,1024,1024,1024,20,eLsNb8TUG63qh0LOgfdrjPBVI6OV/VCJqdEKfxDED5XiAFS02QEAG46y7Q==,0fbb8023cdc40bf6a72f24e9e1762b90,2de56f7564c3a6a36cdcd17f387191c9,0b7666d36b1256d149221ef488fb968d,nan,0,0,1,A1,nan,nan,20,0,0,0,0,0,0,0,0,0,0,0,0,C:\Users\karhohs\Documents\GitHub\2017_06_20_Machlus_megakarocyte_differentiation\images\time_series2,C:\Users\karhohs\Documents\GitHub\2017_06_20_Machlus_megakarocyte_differentiation\images\time_series2,C:\Users\karhohs\Documents\GitHub\2017_06_20_Machlus_megakarocyte_differentiation\images\time_series2,Done,1,255,1,0,0,0,0.5,0.5,0.5,0.3,0.5,0.5,0.5,0.3,-10.8038525,-6.345523855,-6.345507538,-11.81471138,1.328142884,0,0,2.639324869,file:///C:/Users/karhohs/Documents/GitHub/2017_06_20_Machlus_megakarocyte_differentiation/images/time_series2/161212_Inhibitors_A1_1-1-0020_Probabilities%20Stage%202_2.tif,file:///C:/Users/karhohs/Documents/GitHub/2017_06_20_Machlus_megakarocyte_differentiation/images/time_series2/161212_Inhibitors_A1_1-1-0020.tif,file:///C:/Users/karhohs/Documents/GitHub/2017_06_20_Machlus_megakarocyte_differentiation/images/time_series2/161212_Inhibitors_A1_1-1-0020_Probabilities%20Stage%202_3.tif,1280,1280,1280
0.072412929,14808,1156,4897,645,1310720,1310720,-1,-1,-1,120,4,0,0,1.09375,0,0.734375,0.671875,0.046875,2.375,1.328125,1.25,0.75,0.140625,161212_Inhibitors_A1_1-1-0021_Probabilities Stage 2_2.tif,161212_Inhibitors_A1_1-1-0021.tif,161212_Inhibitors_A1_1-1-0021_Probabilities Stage 2_3.tif,0,0,0,21,1,1024,1024,1024,21,eLsNb8TUG63qh0LOgfdrjEYr++EQU6MV/iCIHyrFAahoswMAIV+y8A==,a925e99ca0c773c69985aa9572b2ac7e,75405ff8688ad2d8732758af942c37c8,5d47b0f13ad5e766b0a7d30ef0bec8d8,nan,0,0,1,A1,nan,nan,21,0,0,0,0,0,0,0,0,0,0,0,0,C:\Users\karhohs\Documents\GitHub\2017_06_20_Machlus_megakarocyte_differentiation\images\time_series2,C:\Users\karhohs\Documents\GitHub\2017_06_20_Machlus_megakarocyte_differentiation\images\time_series2,C:\Users\karhohs\Documents\GitHub\2017_06_20_Machlus_megakarocyte_differentiation\images\time_series2,Done,1,255,1,0,0,0,0.5,0.5,0.5,0.3,0.5,0.5,0.5,0.3,-10.83035119,-6.345526219,-6.345420362,-11.85606999,1.314576432,0,0,2.664209965,file:///C:/Users/karhohs/Documents/GitHub/2017_06_20_Machlus_megakarocyte_differentiation/images/time_series2/161212_Inhibitors_A1_1-1-0021_Probabilities%20Stage%202_2.tif,file:///C:/Users/karhohs/Documents/GitHub/2017_06_20_Machlus_megakarocyte_differentiation/images/time_series2/161212_Inhibitors_A1_1-1-0021.tif,file:///C:/Users/karhohs/Documents/GitHub/2017_06_20_Machlus_megakarocyte_differentiation/images/time_series2/161212_Inhibitors_A1_1-1-0021_Probabilities%20Stage%202_3.tif,1280,1280,1280
0.079519557,14944,1291,5181,651,1310720,1310720,-1,-1,-1,144,4,0,0,2.203125,0,0.796875,0.671875,0.0625,2.375,1.375,1.296875,0.59375,0.140625,161212_Inhibitors_A1_1-1-0022_Probabilities Stage 2_2.tif,161212_Inhibitors_A1_1-1-0022.tif,161212_Inhibitors_A1_1-1-0022_Probabilities Stage 2_3.tif,0,0,0,22,1,1024,1024,1024,22,eLsNb8TUG63qh0LOgfdrjIxGK/thEFOjFf4giB8qxQGoaLMDACcwsvM=,fa51bc86fd6e1b95f1d4bb3fd77c06c0,ca9e3f52988c7438f8c9953e7df9b9b5,06b02cda22908a10b76a229c8f51a18f,nan,0,0,1,A1,nan,nan,22,0,0,0,0,0,0,0,0,0,0,0,0,C:\Users\karhohs\Documents\GitHub\2017_06_20_Machlus_megakarocyte_differentiation\images\time_series2,C:\Users\karhohs\Documents\GitHub\2017_06_20_Machlus_megakarocyte_differentiation\images\time_series2,C:\Users\karhohs\Documents\GitHub\2017_06_20_Machlus_megakarocyte_differentiation\images\time_series2,Done,1,255,1,0,0,0,0.5,0.5,0.5,0.3,0.5,0.5,0.5,0.3,-10.88599775,-6.34548552,-6.345503677,-11.6773799,1.374785246,0,0,2.575364678,file:///C:/Users/karhohs/Documents/GitHub/2017_06_20_Machlus_megakarocyte_differentiation/images/time_series2/161212_Inhibitors_A1_1-1-0022_Probabilities%20Stage%202_2.tif,file:///C:/Users/karhohs/Documents/GitHub/2017_06_20_Machlus_megakarocyte_differentiation/images/time_series2/161212_Inhibitors_A1_1-1-0022.tif,file:///C:/Users/karhohs/Documents/GitHub/2017_06_20_Machlus_megakarocyte_differentiation/images/time_series2/161212_Inhibitors_A1_1-1-0022_Probabilities%20Stage%202_3.tif,1280,1280,1280
0.050087136,14717,776,4903,435,1310720,1310720,-1,-1,-1,142,3,0,0,0.96875,0,0.6875,0.734375,0.0625,2.296875,1.296875,1.109375,0.484375,0.09375,161212_Inhibitors_A1_1-1-0023_Probabilities Stage 2_2.tif,161212_Inhibitors_A1_1-1-0023.tif,161212_Inhibitors_A1_1-1-0023_Probabilities Stage 2_3.tif,0,0,0,23,1,1024,1024,1024,23,eLsNb8TUG63qh0LOgfdrjIxHK/thEFOjFf4giB8qxQGoaLMDAC0BsvY=,9346ac9e50f0fb7c054b0b3a9533471a,5b0ea2c0916b6d3e89a93aa5682582c3,7b269da39ef804e977466bd1632b42c4,nan,0,0,1,A1,nan,nan,23,0,0,0,0,0,0,0,0,0,0,0,0,C:\Users\karhohs\Documents\GitHub\2017_06_20_Machlus_megakarocyte_differentiation\images\time_series2,C:\Users\karhohs\Documents\GitHub\2017_06_20_Machlus_megakarocyte_differentiation\images\time_series2,C:\Users\karhohs\Documents\GitHub\2017_06_20_Machlus_megakarocyte_differentiation\images\time_series2,Done,1,255,1,0,0,0,0.5,0.5,0.5,0.3,0.5,0.5,0.5,0.3,-10.86227577,-6.345554485,-6.345512752,-11.69613152,1.354930954,0,0,2.564820667,file:///C:/Users/karhohs/Documents/GitHub/2017_06_20_Machlus_megakarocyte_differentiation/images/time_series2/161212_Inhibitors_A1_1-1-0023_Probabilities%20Stage%202_2.tif,file:///C:/Users/karhohs/Documents/GitHub/2017_06_20_Machlus_megakarocyte_differentiation/images/time_series2/161212_Inhibitors_A1_1-1-0023.tif,file:///C:/Users/karhohs/Documents/GitHub/2017_06_20_Machlus_megakarocyte_differentiation/images/time_series2/161212_Inhibitors_A1_1-1-0023_Probabilities%20Stage%202_3.tif,1280,1280,1280
0,15055,0,4960,0,1310720,1310720,-1,-1,-1,115,0,0,0,0.890625,0,0.734375,0.734375,0.046875,2.109375,0.875,0.890625,0.453125,0.078125,161212_Inhibitors_A1_1-1-0024_Probabilities Stage 2_2.tif,161212_Inhibitors_A1_1-1-0024.tif,161212_Inhibitors_A1_1-1-0024_Probabilities Stage 2_3.tif,0,0,0,24,1,1024,1024,1024,24,eLsNb8TUG63qh0LOgfdrjEb7NcMhpkYr/EEQP1SKA1DRZgcAMtKy+Q==,d0326861eba429f15332c91caacfe9ef,c13485c26ea52d4ed60bc4ea2f3c1ff6,12cdd27be9974cef56011dc1d296d402,nan,0,0,1,A1,nan,nan,24,0,0,0,0,0,0,0,0,0,0,0,0,C:\Users\karhohs\Documents\GitHub\2017_06_20_Machlus_megakarocyte_differentiation\images\time_series2,C:\Users\karhohs\Documents\GitHub\2017_06_20_Machlus_megakarocyte_differentiation\images\time_series2,C:\Users\karhohs\Documents\GitHub\2017_06_20_Machlus_megakarocyte_differentiation\images\time_series2,Done,1,255,1,0,0,0,0.5,0.5,0.5,0.3,0.5,0.5,0.5,0.3,-10.7977851,-6.345475215,-6.34549921,-11.77235552,1.30611491,0,0,2.551707921,file:///C:/Users/karhohs/Documents/GitHub/2017_06_20_Machlus_megakarocyte_differentiation/images/time_series2/161212_Inhibitors_A1_1-1-0024_Probabilities%20Stage%202_2.tif,file:///C:/Users/karhohs/Documents/GitHub/2017_06_20_Machlus_megakarocyte_differentiation/images/time_series2/161212_Inhibitors_A1_1-1-0024.tif,file:///C:/Users/karhohs/Documents/GitHub/2017_06_20_Machlus_megakarocyte_differentiation/images/time_series2/161212_Inhibitors_A1_1-1-0024_Probabilities%20Stage%202_3.tif,1280,1280,1280
0.026250906,13428,362,4448,220,1310720,1310720,-1,-1,-1,109,1,0,0,0.765625,0,0.6875,0.703125,0.046875,2.015625,1.390625,1.28125,0.609375,0.140625,161212_Inhibitors_A1_1-1-0025_Probabilities Stage 2_2.tif,161212_Inhibitors_A1_1-1-0025.tif,161212_Inhibitors_A1_1-1-0025_Probabilities Stage 2_3.tif,0,0,0,25,1,1024,1024,1024,25,eLsNb8TUG63qh0LOgfdrjExHK/thEFOjFf4giB8qxQGoaLMDADijsvw=,a6f1a47c35a68f5fc3bfbb5b4fae627e,0f71498ba8e7b6d8f0e0b31ffafbb3b2,021a7137669126a09325bb27b968cbf8,nan,0,0,1,A1,nan,nan,25,0,0,0,0,0,0,0,0,0,0,0,0,C:\Users\karhohs\Documents\GitHub\2017_06_20_Machlus_megakarocyte_differentiation\images\time_series2,C:\Users\karhohs\Documents\GitHub\2017_06_20_Machlus_megakarocyte_differentiation\images\time_series2,C:\Users\karhohs\Documents\GitHub\2017_06_20_Machlus_megakarocyte_differentiation\images\time_series2,Done,1,255,1,0,0,0,0.5,0.5,0.5,0.3,0.5,0.5,0.5,0.3,-10.8324937,-6.34545,-6.345512034,-11.83480151,1.296621689,0,0,2.746177199,file:///C:/Users/karhohs/Documents/GitHub/2017_06_20_Machlus_megakarocyte_differentiation/images/time_series2/161212_Inhibitors_A1_1-1-0025_Probabilities%20Stage%202_2.tif,file:///C:/Users/karhohs/Documents/GitHub/2017_06_20_Machlus_megakarocyte_differentiation/images/time_series2/161212_Inhibitors_A1_1-1-0025.tif,file:///C:/Users/karhohs/Documents/GitHub/2017_06_20_Machlus_megakarocyte_differentiation/images/time_series2/161212_Inhibitors_A1_1-1-0025_Probabilities%20Stage%202_3.tif,1280,1280,1280
0.100710978,13787,1544,4832,782,1310720,1310720,-1,-1,-1,118,5,0,0,0.953125,0,0.6875,0.703125,0.046875,2.3125,1.34375,1.296875,0.578125,0.09375,161212_Inhibitors_A1_1-1-0026_Probabilities Stage 2_2.tif,161212_Inhibitors_A1_1-1-0026.tif,161212_Inhibitors_A1_1-1-0026_Probabilities Stage 2_3.tif,0,0,0,26,1,1024,1024,1024,26,eLsNb8TUG63qh0LOgfdrjMxGK/thEFOjFf4giB8qxQGoaLMDAD50sv8=,46a710604f91ebd98551096a2925a382,d177c74bfcd1f13bc70dbca8f3f6d7db,658567cbeb43dc0d60063fdfab08efb0,nan,0,0,1,A1,nan,nan,26,0,0,0,0,0,0,0,0,0,0,0,0,C:\Users\karhohs\Documents\GitHub\2017_06_20_Machlus_megakarocyte_differentiation\images\time_series2,C:\Users\karhohs\Documents\GitHub\2017_06_20_Machlus_megakarocyte_differentiation\images\time_series2,C:\Users\karhohs\Documents\GitHub\2017_06_20_Machlus_megakarocyte_differentiation\images\time_series2,Done,1,255,1,0,0,0,0.5,0.5,0.5,0.3,0.5,0.5,0.5,0.3,-10.77956767,-6.3456053,-6.345500281,-11.76941495,1.187695403,0,0,2.809617517,file:///C:/Users/karhohs/Documents/GitHub/2017_06_20_Machlus_megakarocyte_differentiation/images/time_series2/161212_Inhibitors_A1_1-1-0026_Probabilities%20Stage%202_2.tif,file:///C:/Users/karhohs/Documents/GitHub/2017_06_20_Machlus_megakarocyte_differentiation/images/time_series2/161212_Inhibitors_A1_1-1-0026.tif,file:///C:/Users/karhohs/Documents/GitHub/2017_06_20_Machlus_megakarocyte_differentiation/images/time_series2/161212_Inhibitors_A1_1-1-0026_Probabilities%20Stage%202_3.tif,1280,1280,1280
0.088400642,31782,3082,10027,1417,1310720,1310720,-1,-1,-1,211,6,0,0,0.796875,0,0.703125,0.734375,0.0625,2.25,1.375,1.328125,0.515625,0.109375,161212_Inhibitors_B2_4-0001_Probabilities Stage 2_2.tif,161212_Inhibitors_B2_4-0001.tif,161212_Inhibitors_B2_4-0001_Probabilities Stage 2_3.tif,0,0,0,27,1,1024,1024,1024,27,eLsNb8TUG63qh1DOGa3qh0E8jVb2Ax47VIoBUKFmBwCSbrHf,91f58feee3f4d81c94ddfa10d9d7320c,f9d3731eecc79c82664e8c9cdc9d871f,bdd0fba6ce4d2a0bf04f2b1a4e39735c,nan,0,0,4,B2,nan,nan,1,0,0,0,0,0,0,0,0,0,0,0,0,C:\Users\karhohs\Documents\GitHub\2017_06_20_Machlus_megakarocyte_differentiation\images\time_series2,C:\Users\karhohs\Documents\GitHub\2017_06_20_Machlus_megakarocyte_differentiation\images\time_series2,C:\Users\karhohs\Documents\GitHub\2017_06_20_Machlus_megakarocyte_differentiation\images\time_series2,Done,1,255,1,0,0,0,0.5,0.5,0.5,0.3,0.5,0.5,0.5,0.3,-10.7612983,-6.345631996,-6.345379176,-11.35334841,1.139798919,0,0,1.623841583,file:///C:/Users/karhohs/Documents/GitHub/2017_06_20_Machlus_megakarocyte_differentiation/images/time_series2/161212_Inhibitors_B2_4-0001_Probabilities%20Stage%202_2.tif,file:///C:/Users/karhohs/Documents/GitHub/2017_06_20_Machlus_megakarocyte_differentiation/images/time_series2/161212_Inhibitors_B2_4-0001.tif,file:///C:/Users/karhohs/Documents/GitHub/2017_06_20_Machlus_megakarocyte_differentiation/images/time_series2/161212_Inhibitors_B2_4-0001_Probabilities%20Stage%202_3.tif,1280,1280,1280
0.099237752,30961,3411,10289,1767,1310720,1310720,-1,-1,-1,224,6,0,0,0.90625,0,0.640625,0.703125,0.03125,2.359375,1.328125,1.375,0.453125,0.125,161212_Inhibitors_B2_4-0002_Probabilities Stage 2_2.tif,161212_Inhibitors_B2_4-0002.tif,161212_Inhibitors_B2_4-0002_Probabilities Stage 2_3.tif,0,0,0,28,1,1024,1024,1024,28,eLsNb8TUG63qh1DOAeaP0ap+qMfTaGU/4LFDpRgAFWp2AJg5seI=,c747daf3753b798086bf1b6b1f2e6f7b,da8930ef179a1cf9c67237f55f40d604,d53bbf1eb70b367f7e5944ba5ae3c673,nan,0,0,4,B2,nan,nan,2,0,0,0,0,0,0,0,0,0,0,0,0,C:\Users\karhohs\Documents\GitHub\2017_06_20_Machlus_megakarocyte_differentiation\images\time_series2,C:\Users\karhohs\Documents\GitHub\2017_06_20_Machlus_megakarocyte_differentiation\images\time_series2,C:\Users\karhohs\Documents\GitHub\2017_06_20_Machlus_megakarocyte_differentiation\images\time_series2,Done,1,255,1,0,0,0,0.5,0.5,0.5,0.3,0.5,0.5,0.5,0.3,-10.7700129,-6.345608116,-6.357430347,-11.46262881,1.204135285,0,0,1.965442524,file:///C:/Users/karhohs/Documents/GitHub/2017_06_20_Machlus_megakarocyte_differentiation/images/time_series2/161212_Inhibitors_B2_4-0002_Probabilities%20Stage%202_2.tif,file:///C:/Users/karhohs/Documents/GitHub/2017_06_20_Machlus_megakarocyte_differentiation/images/time_series2/161212_Inhibitors_B2_4-0002.tif,file:///C:/Users/karhohs/Documents/GitHub/2017_06_20_Machlus_megakarocyte_differentiation/images/time_series2/161212_Inhibitors_B2_4-0002_Probabilities%20Stage%202_3.tif,1280,1280,1280
0.177451524,29694,6406,10151,2519,1310720,1310720,-1,-1,-1,253,9,0,0,0.921875,0,0.671875,0.65625,0.0625,2.328125,1.375,1.34375,0.515625,0.125,161212_Inhibitors_B2_4-0003_Probabilities Stage 2_2.tif,161212_Inhibitors_B2_4-0003.tif,161212_Inhibitors_B2_4-0003_Probabilities Stage 2_3.tif,0,0,0,29,1,1024,1024,1024,29,eLsNb8TUG63qh1DOMTAereqHfDyNVvYDHjtUigFQoWYHAJ4EseU=,28a552840c2ac7a269d321d8212eefc0,bd8b00a7e156f871b8b7987976ee10af,3b6ec5fc8563c0702ec728446fe850b2,nan,0,0,4,B2,nan,nan,3,0,0,0,0,0,0,0,0,0,0,0,0,C:\Users\karhohs\Documents\GitHub\2017_06_20_Machlus_megakarocyte_differentiation\images\time_series2,C:\Users\karhohs\Documents\GitHub\2017_06_20_Machlus_megakarocyte_differentiation\images\time_series2,C:\Users\karhohs\Documents\GitHub\2017_06_20_Machlus_megakarocyte_differentiation\images\time_series2,Done,1,255,1,0,0,0,0.5,0.5,0.5,0.3,0.5,0.5,0.5,0.3,-10.78473386,-6.34533571,-6.345634507,-11.61796295,1.382666154,0,0,2.207486761,file:///C:/Users/karhohs/Documents/GitHub/2017_06_20_Machlus_megakarocyte_differentiation/images/time_series2/161212_Inhibitors_B2_4-0003_Probabilities%20Stage%202_2.tif,file:///C:/Users/karhohs/Documents/GitHub/2017_06_20_Machlus_megakarocyte_differentiation/images/time_series2/161212_Inhibitors_B2_4-0003.tif,file:///C:/Users/karhohs/Documents/GitHub/2017_06_20_Machlus_megakarocyte_differentiation/images/time_series2/161212_Inhibitors_B2_4-0003_Probabilities%20Stage%202_3.tif,1280,1280,1280
0.203794334,27657,7079,9928,3154,1310720,1310720,-1,-1,-1,272,12,0,0,0.84375,0,0.765625,0.75,0.0625,2.3125,1.25,0.984375,0.4375,0.09375,161212_Inhibitors_B2_4-0004_Probabilities Stage 2_2.tif,161212_Inhibitors_B2_4-0004.tif,161212_Inhibitors_B2_4-0004_Probabilities Stage 2_3.tif,0,0,0,30,1,1024,1024,1024,30,eLsNb8TUG63qh1DOMRjt1Qz9eBqt7Ac8dqgUA6BCzQ4Ao8+x6A==,fce955e0c2da059d7929627582f41033,8e0b81ecce013d6427aaf1799a3d61d0,7c59f55827ba87e1dd677367f26deccd,nan,0,0,4,B2,nan,nan,4,0,0,0,0,0,0,0,0,0,0,0,0,C:\Users\karhohs\Documents\GitHub\2017_06_20_Machlus_megakarocyte_differentiation\images\time_series2,C:\Users\karhohs\Documents\GitHub\2017_06_20_Machlus_megakarocyte_differentiation\images\time_series2,C:\Users\karhohs\Documents\GitHub\2017_06_20_Machlus_megakarocyte_differentiation\images\time_series2,Done,1,255,1,0,0,0,0.5,0.5,0.5,0.3,0.5,0.5,0.5,0.3,-10.86426121,-6.345298511,-6.357559542,-11.19383373,1.526061011,0,0,1.238946055,file:///C:/Users/karhohs/Documents/GitHub/2017_06_20_Machlus_megakarocyte_differentiation/images/time_series2/161212_Inhibitors_B2_4-0004_Probabilities%20Stage%202_2.tif,file:///C:/Users/karhohs/Documents/GitHub/2017_06_20_Machlus_megakarocyte_differentiation/images/time_series2/161212_Inhibitors_B2_4-0004.tif,file:///C:/Users/karhohs/Documents/GitHub/2017_06_20_Machlus_megakarocyte_differentiation/images/time_series2/161212_Inhibitors_B2_4-0004_Probabilities%20Stage%202_3.tif,1280,1280,1280
0.262571054,26984,9608,9713,4495,1310720,1310720,-1,-1,-1,275,17,0,0,0.90625,0,0.78125,0.765625,0.046875,2.28125,1.09375,0.953125,0.421875,0.09375,161212_Inhibitors_B2_4-0005_Probabilities Stage 2_2.tif,161212_Inhibitors_B2_4-0005.tif,161212_Inhibitors_B2_4-0005_Probabilities Stage 2_3.tif,0,0,0,31,1,1024,1024,1024,31,eLsNb8TUG63qh1DOMTAdreqHfDyNVvYDHjtUigFQoWYHAKmases=,ac5ce3ac2f552867d3a3eac79683dbab,d225c5f603d9e933919c3cfafe0eef25,f1c60051b004604434ec7b6341b4aedc,nan,0,0,4,B2,nan,nan,5,0,0,0,0,0,0,0,0,0,0,0,0,C:\Users\karhohs\Documents\GitHub\2017_06_20_Machlus_megakarocyte_differentiation\images\time_series2,C:\Users\karhohs\Documents\GitHub\2017_06_20_Machlus_megakarocyte_differentiation\images\time_series2,C:\Users\karhohs\Documents\GitHub\2017_06_20_Machlus_megakarocyte_differentiation\images\time_series2,Done,1,255,1,0,0,0,0.5,0.5,0.5,0.3,0.5,0.5,0.5,0.3,-10.86141682,-6.345503706,-6.345519025,-11.2775089,1.609723431,0,0,1.322380609,file:///C:/Users/karhohs/Documents/GitHub/2017_06_20_Machlus_megakarocyte_differentiation/images/time_series2/161212_Inhibitors_B2_4-0005_Probabilities%20Stage%202_2.tif,file:///C:/Users/karhohs/Documents/GitHub/2017_06_20_Machlus_megakarocyte_differentiation/images/time_series2/161212_Inhibitors_B2_4-0005.tif,file:///C:/Users/karhohs/Documents/GitHub/2017_06_20_Machlus_megakarocyte_differentiation/images/time_series2/161212_Inhibitors_B2_4-0005_Probabilities%20Stage%202_3.tif,1280,1280,1280
0.270018295,29127,10774,10239,5315,1310720,1310720,-1,-1,-1,272,18,0,0,0.65625,0,0.65625,0.6875,0.046875,1.953125,1.375,1.265625,0.546875,0.125,161212_Inhibitors_B2_4-0006_Probabilities Stage 2_2.tif,161212_Inhibitors_B2_4-0006.tif,161212_Inhibitors_B2_4-0006_Probabilities Stage 2_3.tif,0,0,0,32,1,1024,1024,1024,32,eLsNb8TUG63qh1DOAZo7WtUP9XgarewHPHaoFAOgQs0OAK9lse4=,1ae407a1f351a2323ac6c3c733971b4b,9042e9078d07c28589bc732031676239,8ffe6ac45d85cbd9210f35dae6b6547c,nan,0,0,4,B2,nan,nan,6,0,0,0,0,0,0,0,0,0,0,0,0,C:\Users\karhohs\Documents\GitHub\2017_06_20_Machlus_megakarocyte_differentiation\images\time_series2,C:\Users\karhohs\Documents\GitHub\2017_06_20_Machlus_megakarocyte_differentiation\images\time_series2,C:\Users\karhohs\Documents\GitHub\2017_06_20_Machlus_megakarocyte_differentiation\images\time_series2,Done,1,255,1,0,0,0,0.5,0.5,0.5,0.3,0.5,0.5,0.5,0.3,-10.75612949,-6.345065757,-6.345348283,-11.68838212,1.51549274,0,0,2.336368148,file:///C:/Users/karhohs/Documents/GitHub/2017_06_20_Machlus_megakarocyte_differentiation/images/time_series2/161212_Inhibitors_B2_4-0006_Probabilities%20Stage%202_2.tif,file:///C:/Users/karhohs/Documents/GitHub/2017_06_20_Machlus_megakarocyte_differentiation/images/time_series2/161212_Inhibitors_B2_4-0006.tif,file:///C:/Users/karhohs/Documents/GitHub/2017_06_20_Machlus_megakarocyte_differentiation/images/time_series2/161212_Inhibitors_B2_4-0006_Probabilities%20Stage%202_3.tif,1280,1280,1280
0.312952854,27688,12612,9930,5892,1310720,1310720,-1,-1,-1,249,20,0,0,1.03125,0,0.65625,0.65625,0.03125,2.1875,1.34375,1.328125,0.5625,0.109375,161212_Inhibitors_B2_4-0007_Probabilities Stage 2_2.tif,161212_Inhibitors_B2_4-0007.tif,161212_Inhibitors_B2_4-0007_Probabilities Stage 2_3.tif,0,0,0,33,1,1024,1024,1024,33,eLsNb8TUG63qh1DOMTAfreqHfDyNVvYDHjtUigFQoWYHALUwsfE=,71ce87ea58d22566e1bce737b6558397,265617bfe1ac4cbd6f369101346dd190,edae79c3c4cae3f3c2d34197f865e7f6,nan,0,0,4,B2,nan,nan,7,0,0,0,0,0,0,0,0,0,0,0,0,C:\Users\karhohs\Documents\GitHub\2017_06_20_Machlus_megakarocyte_differentiation\images\time_series2,C:\Users\karhohs\Documents\GitHub\2017_06_20_Machlus_megakarocyte_differentiation\images\time_series2,C:\Users\karhohs\Documents\GitHub\2017_06_20_Machlus_megakarocyte_differentiation\images\time_series2,Done,1,255,1,0,0,0,0.5,0.5,0.5,0.3,0.5,0.5,0.5,0.3,-10.83238042,-6.345481817,-6.345481465,-11.73207326,1.583426997,0,0,2.449674436,file:///C:/Users/karhohs/Documents/GitHub/2017_06_20_Machlus_megakarocyte_differentiation/images/time_series2/161212_Inhibitors_B2_4-0007_Probabilities%20Stage%202_2.tif,file:///C:/Users/karhohs/Documents/GitHub/2017_06_20_Machlus_megakarocyte_differentiation/images/time_series2/161212_Inhibitors_B2_4-0007.tif,file:///C:/Users/karhohs/Documents/GitHub/2017_06_20_Machlus_megakarocyte_differentiation/images/time_series2/161212_Inhibitors_B2_4-0007_Probabilities%20Stage%202_3.tif,1280,1280,1280
0.405939193,29387,20081,10624,7711,1310720,1310720,-1,-1,-1,304,24,0,0,0.859375,0,0.65625,0.65625,0.046875,2.34375,1.34375,1.34375,0.53125,0.125,161212_Inhibitors_B2_4-0008_Probabilities Stage 2_2.tif,161212_Inhibitors_B2_4-0008.tif,161212_Inhibitors_B2_4-0008_Probabilities Stage 2_3.tif,0,0,0,34,1,1024,1024,1024,34,eLsNb8TUG63qh1DOMbAYreqHfDyNVvYDHjtUigFQoWYHALr7sfQ=,1df5d7a1b0fbfe891abe029bda98ffb5,fc61e2cb79e7e7b4a617fb90faa2dede,75b8f87d1d22c1eaaae038afb90484d0,nan,0,0,4,B2,nan,nan,8,0,0,0,0,0,0,0,0,0,0,0,0,C:\Users\karhohs\Documents\GitHub\2017_06_20_Machlus_megakarocyte_differentiation\images\time_series2,C:\Users\karhohs\Documents\GitHub\2017_06_20_Machlus_megakarocyte_differentiation\images\time_series2,C:\Users\karhohs\Documents\GitHub\2017_06_20_Machlus_megakarocyte_differentiation\images\time_series2,Done,1,255,1,0,0,0,0.5,0.5,0.5,0.3,0.5,0.5,0.5,0.3,-10.84873109,-6.345426805,-6.3454443,-11.63860224,1.814634401,0,0,2.760004452,file:///C:/Users/karhohs/Documents/GitHub/2017_06_20_Machlus_megakarocyte_differentiation/images/time_series2/161212_Inhibitors_B2_4-0008_Probabilities%20Stage%202_2.tif,file:///C:/Users/karhohs/Documents/GitHub/2017_06_20_Machlus_megakarocyte_differentiation/images/time_series2/161212_Inhibitors_B2_4-0008.tif,file:///C:/Users/karhohs/Documents/GitHub/2017_06_20_Machlus_megakarocyte_differentiation/images/time_series2/161212_Inhibitors_B2_4-0008_Probabilities%20Stage%202_3.tif,1280,1280,1280
0.41946255,29035,20979,10672,9341,1310720,1310720,-1,-1,-1,310,29,0,0,1,0,0.703125,0.640625,0.046875,2.34375,1.359375,1.28125,0.53125,0.109375,161212_Inhibitors_B2_4-0009_Probabilities Stage 2_2.tif,161212_Inhibitors_B2_4-0009.tif,161212_Inhibitors_B2_4-0009_Probabilities Stage 2_3.tif,0,0,0,35,1,1024,1024,1024,35,eLsNb8TUG63qh1DOMbAcreqHfDyNVvYDHjtUigFQoWYHAMDGsfc=,f140d7495fa2dbbb0569d791fcb68c98,b131017996c91a694b958de986b5d3f3,8401f9841f0aa8d26eea0b78e28e16cb,nan,0,0,4,B2,nan,nan,9,0,0,0,0,0,0,0,0,0,0,0,0,C:\Users\karhohs\Documents\GitHub\2017_06_20_Machlus_megakarocyte_differentiation\images\time_series2,C:\Users\karhohs\Documents\GitHub\2017_06_20_Machlus_megakarocyte_differentiation\images\time_series2,C:\Users\karhohs\Documents\GitHub\2017_06_20_Machlus_megakarocyte_differentiation\images\time_series2,Done,1,255,1,0,0,0,0.5,0.5,0.5,0.3,0.5,0.5,0.5,0.3,-10.89653634,-6.345363454,-6.345447571,-11.6646838,1.900310375,0,0,2.859150402,file:///C:/Users/karhohs/Documents/GitHub/2017_06_20_Machlus_megakarocyte_differentiation/images/time_series2/161212_Inhibitors_B2_4-0009_Probabilities%20Stage%202_2.tif,file:///C:/Users/karhohs/Documents/GitHub/2017_06_20_Machlus_megakarocyte_differentiation/images/time_series2/161212_Inhibitors_B2_4-0009.tif,file:///C:/Users/karhohs/Documents/GitHub/2017_06_20_Machlus_megakarocyte_differentiation/images/time_series2/161212_Inhibitors_B2_4-0009_Probabilities%20Stage%202_3.tif,1280,1280,1280
0.441851612,29324,23214,10475,9615,1310720,1310720,-1,-1,-1,296,27,0,0,0.859375,0,0.65625,0.6875,0.046875,2.25,1.3125,1.34375,0.546875,0.125,161212_Inhibitors_B2_4-0010_Probabilities Stage 2_2.tif,161212_Inhibitors_B2_4-0010.tif,161212_Inhibitors_B2_4-0010_Probabilities Stage 2_3.tif,0,0,0,36,1,1024,1024,1024,36,eLsNb8TUG63qh1LOwVeJjFb1QyOeRiv7AY8dKsUAqFCzAwCScbHf,d63d989373026704fa276556070747c5,dc22672123072d69208aa2d962d0a19d,31f74a75e939aff24df3164efa177cd6,nan,0,0,4,B2,nan,nan,10,0,0,0,0,0,0,0,0,0,0,0,0,C:\Users\karhohs\Documents\GitHub\2017_06_20_Machlus_megakarocyte_differentiation\images\time_series2,C:\Users\karhohs\Documents\GitHub\2017_06_20_Machlus_megakarocyte_differentiation\images\time_series2,C:\Users\karhohs\Documents\GitHub\2017_06_20_Machlus_megakarocyte_differentiation\images\time_series2,Done,1,255,1,0,0,0,0.5,0.5,0.5,0.3,0.5,0.5,0.5,0.3,-11.00766298,-6.345319316,-6.345525007,-11.83986843,2.037989976,0,0,2.606151829,file:///C:/Users/karhohs/Documents/GitHub/2017_06_20_Machlus_megakarocyte_differentiation/images/time_series2/161212_Inhibitors_B2_4-0010_Probabilities%20Stage%202_2.tif,file:///C:/Users/karhohs/Documents/GitHub/2017_06_20_Machlus_megakarocyte_differentiation/images/time_series2/161212_Inhibitors_B2_4-0010.tif,file:///C:/Users/karhohs/Documents/GitHub/2017_06_20_Machlus_megakarocyte_differentiation/images/time_series2/161212_Inhibitors_B2_4-0010_Probabilities%20Stage%202_3.tif,1280,1280,1280
0.486207544,30118,28501,10500,10787,1310720,1310720,-1,-1,-1,301,27,0,0,1.15625,0,0.78125,0.78125,0.0625,2.3125,1.078125,0.984375,0.40625,0.125,161212_Inhibitors_B2_4-0011_Probabilities Stage 2_2.tif,161212_Inhibitors_B2_4-0011.tif,161212_Inhibitors_B2_4-0011_Probabilities Stage 2_3.tif,0,0,0,37,1,1024,1024,1024,37,eLsNb8TUG63qh1LOGa3qh348jVb2Ax47VIoBUKFmBwCYPLHi,eafb5cde9abaa0ee1ee6f4cc72b16d91,78b4f154c50af392141aa1dea1aa1942,d9d11e4809b64597558e04315ae4742c,nan,0,0,4,B2,nan,nan,11,0,0,0,0,0,0,0,0,0,0,0,0,C:\Users\karhohs\Documents\GitHub\2017_06_20_Machlus_megakarocyte_differentiation\images\time_series2,C:\Users\karhohs\Documents\GitHub\2017_06_20_Machlus_megakarocyte_differentiation\images\time_series2,C:\Users\karhohs\Documents\GitHub\2017_06_20_Machlus_megakarocyte_differentiation\images\time_series2,Done,1,255,1,0,0,0,0.5,0.5,0.5,0.3,0.5,0.5,0.5,0.3,-10.98704224,-6.34531193,-6.345544034,-11.83791078,2.056634682,0,0,2.647200622,file:///C:/Users/karhohs/Documents/GitHub/2017_06_20_Machlus_megakarocyte_differentiation/images/time_series2/161212_Inhibitors_B2_4-0011_Probabilities%20Stage%202_2.tif,file:///C:/Users/karhohs/Documents/GitHub/2017_06_20_Machlus_megakarocyte_differentiation/images/time_series2/161212_Inhibitors_B2_4-0011.tif,file:///C:/Users/karhohs/Documents/GitHub/2017_06_20_Machlus_megakarocyte_differentiation/images/time_series2/161212_Inhibitors_B2_4-0011_Probabilities%20Stage%202_3.tif,1280,1280,1280
0.525605392,28504,31581,10719,10724,1310720,1310720,-1,-1,-1,355,31,0,0,0.9375,0,0.75,0.734375,0.046875,2.3125,1.078125,1.03125,0.5,0.09375,161212_Inhibitors_B2_4-0012_Probabilities Stage 2_2.tif,161212_Inhibitors_B2_4-0012.tif,161212_Inhibitors_B2_4-0012_Probabilities Stage 2_3.tif,0,0,0,38,1,1024,1024,1024,38,eLsNb8TUG63qh1LOMRqt6od8PI1W9gMeO1SKAVChZgcAngex5Q==,96a191d65edd15d0e357d5d338c845d4,b7dd0b8444319023797259edfad8cca0,ec39c284e105008215f4ed061f1f8c3e,nan,0,0,4,B2,nan,nan,12,0,0,0,0,0,0,0,0,0,0,0,0,C:\Users\karhohs\Documents\GitHub\2017_06_20_Machlus_megakarocyte_differentiation\images\time_series2,C:\Users\karhohs\Documents\GitHub\2017_06_20_Machlus_megakarocyte_differentiation\images\time_series2,C:\Users\karhohs\Documents\GitHub\2017_06_20_Machlus_megakarocyte_differentiation\images\time_series2,Done,1,255,1,0,0,0,0.5,0.5,0.5,0.3,0.5,0.5,0.5,0.3,-10.90890018,-6.345406979,-6.345471898,-11.71773032,2.102861392,0,0,2.575936529,file:///C:/Users/karhohs/Documents/GitHub/2017_06_20_Machlus_megakarocyte_differentiation/images/time_series2/161212_Inhibitors_B2_4-0012_Probabilities%20Stage%202_2.tif,file:///C:/Users/karhohs/Documents/GitHub/2017_06_20_Machlus_megakarocyte_differentiation/images/time_series2/161212_Inhibitors_B2_4-0012.tif,file:///C:/Users/karhohs/Documents/GitHub/2017_06_20_Machlus_megakarocyte_differentiation/images/time_series2/161212_Inhibitors_B2_4-0012_Probabilities%20Stage%202_3.tif,1280,1280,1280
0.554409038,25478,31700,9609,10635,1310720,1310720,-1,-1,-1,314,24,0,0,0.859375,0,0.59375,0.671875,0.046875,1.859375,1.296875,1.359375,0.5625,0.109375,161212_Inhibitors_B2_4-0013_Probabilities Stage 2_2.tif,161212_Inhibitors_B2_4-0013.tif,161212_Inhibitors_B2_4-0013_Probabilities Stage 2_3.tif,0,0,0,39,1,1024,1024,1024,39,eLsNb8TUG63qh1LOMR6t6od8PI1W9gMeO1SKAVChZgcAo9Kx6A==,8fd048e41130e14788dacb0ec3d2f34b,4a9e33c6ac1ce1747ed52d65dc395f3e,b70b66873628294f7fcb18a37d0f155e,nan,0,0,4,B2,nan,nan,13,0,0,0,0,0,0,0,0,0,0,0,0,C:\Users\karhohs\Documents\GitHub\2017_06_20_Machlus_megakarocyte_differentiation\images\time_series2,C:\Users\karhohs\Documents\GitHub\2017_06_20_Machlus_megakarocyte_differentiation\images\time_series2,C:\Users\karhohs\Documents\GitHub\2017_06_20_Machlus_megakarocyte_differentiation\images\time_series2,Done,1,255,1,0,0,0,0.5,0.5,0.5,0.3,0.5,0.5,0.5,0.3,-10.92988198,-6.345429874,-6.345532815,-11.73971049,2.046312677,0,0,2.451557093,file:///C:/Users/karhohs/Documents/GitHub/2017_06_20_Machlus_megakarocyte_differentiation/images/time_series2/161212_Inhibitors_B2_4-0013_Probabilities%20Stage%202_2.tif,file:///C:/Users/karhohs/Documents/GitHub/2017_06_20_Machlus_megakarocyte_differentiation/images/time_series2/161212_Inhibitors_B2_4-0013.tif,file:///C:/Users/karhohs/Documents/GitHub/2017_06_20_Machlus_megakarocyte_differentiation/images/time_series2/161212_Inhibitors_B2_4-0013_Probabilities%20Stage%202_3.tif,1280,1280,1280
0.583913573,26652,37402,9742,12815,1310720,1310720,-1,-1,-1,331,33,0.015625,0,0.875,0,0.703125,0.625,0.0625,2.1875,1.328125,1.21875,0.5,0.125,161212_Inhibitors_B2_4-0014_Probabilities Stage 2_2.tif,161212_Inhibitors_B2_4-0014.tif,161212_Inhibitors_B2_4-0014_Probabilities Stage 2_3.tif,0,0,0,40,1,1024,1024,1024,40,eLsNb8TUG63qh03OGa3qh0Q8jVb2Ax47VIoBUKFmBwCpnbHr,6e1421cb7064be5d7d7f3b246df1c826,834d0691499397d37cec12aea7062bc0,16c4c43e1188d36bdab0a8edddff8835,nan,0,0,4,B2,nan,nan,14,0,0,0,0,0,0,0,0,0,0,0,0,C:\Users\karhohs\Documents\GitHub\2017_06_20_Machlus_megakarocyte_differentiation\images\time_series2,C:\Users\karhohs\Documents\GitHub\2017_06_20_Machlus_megakarocyte_differentiation\images\time_series2,C:\Users\karhohs\Documents\GitHub\2017_06_20_Machlus_megakarocyte_differentiation\images\time_series2,Done,1,255,1,0,0,0,0.5,0.5,0.5,0.3,0.5,0.5,0.5,0.3,-11.01951703,-6.345308857,-6.345511869,-11.81331887,2.349470746,0,0,2.693696589,file:///C:/Users/karhohs/Documents/GitHub/2017_06_20_Machlus_megakarocyte_differentiation/images/time_series2/161212_Inhibitors_B2_4-0014_Probabilities%20Stage%202_2.tif,file:///C:/Users/karhohs/Documents/GitHub/2017_06_20_Machlus_megakarocyte_differentiation/images/time_series2/161212_Inhibitors_B2_4-0014.tif,file:///C:/Users/karhohs/Documents/GitHub/2017_06_20_Machlus_megakarocyte_differentiation/images/time_series2/161212_Inhibitors_B2_4-0014_Probabilities%20Stage%202_3.tif,1280,1280,1280
0.543584721,29358,34965,10248,11560,1310720,1310720,-1,-1,-1,329,26,0,0,0.828125,0,0.6875,0.625,0.03125,2.0625,1.296875,1.3125,0.546875,0.15625,161212_Inhibitors_B2_4-0015_Probabilities Stage 2_2.tif,161212_Inhibitors_B2_4-0015.tif,161212_Inhibitors_B2_4-0015_Probabilities Stage 2_3.tif,0,0,0,41,1,1024,1024,1024,41,eLsNb8TUG63qh1LOMR2t6od8PI1W9gMeO1SKAVChZgcAr2ix7g==,4825882dd55a9f6897a5fa4091087e08,aac1c7be4829c46f2ffd0626253f0b6e,406dda8343e3677e4333b47397acb58a,nan,0,0,4,B2,nan,nan,15,0,0,0,0,0,0,0,0,0,0,0,0,C:\Users\karhohs\Documents\GitHub\2017_06_20_Machlus_megakarocyte_differentiation\images\time_series2,C:\Users\karhohs\Documents\GitHub\2017_06_20_Machlus_megakarocyte_differentiation\images\time_series2,C:\Users\karhohs\Documents\GitHub\2017_06_20_Machlus_megakarocyte_differentiation\images\time_series2,Done,1,255,1,0,0,0,0.5,0.5,0.5,0.3,0.5,0.5,0.5,0.3,-11.04036374,-6.345415411,-6.357552064,-11.8330666,2.222597231,0,0,2.67231193,file:///C:/Users/karhohs/Documents/GitHub/2017_06_20_Machlus_megakarocyte_differentiation/images/time_series2/161212_Inhibitors_B2_4-0015_Probabilities%20Stage%202_2.tif,file:///C:/Users/karhohs/Documents/GitHub/2017_06_20_Machlus_megakarocyte_differentiation/images/time_series2/161212_Inhibitors_B2_4-0015.tif,file:///C:/Users/karhohs/Documents/GitHub/2017_06_20_Machlus_megakarocyte_differentiation/images/time_series2/161212_Inhibitors_B2_4-0015_Probabilities%20Stage%202_3.tif,1280,1280,1280
0.4760793,26031,23654,9415,9788,1310720,1310720,-1,-1,-1,265,20,0,0,0.765625,0,0.671875,0.625,0.046875,2.125,1.3125,1.25,0.53125,0.125,161212_Inhibitors_B2_4-0016_Probabilities Stage 2_2.tif,161212_Inhibitors_B2_4-0016.tif,161212_Inhibitors_B2_4-0016_Probabilities Stage 2_3.tif,0,0,0,42,1,1024,1024,1024,42,eLsNb8TUG63qh1LOMRut6od8PI1W9gMeO1SKAVChZgcAtTOx8Q==,d7063e51d07612576e68f6c91ce81534,e7f43975634bae609e3757180f4ac819,b2c4068bada674e3856a650cd91af4ed,nan,0,0,4,B2,nan,nan,16,0,0,0,0,0,0,0,0,0,0,0,0,C:\Users\karhohs\Documents\GitHub\2017_06_20_Machlus_megakarocyte_differentiation\images\time_series2,C:\Users\karhohs\Documents\GitHub\2017_06_20_Machlus_megakarocyte_differentiation\images\time_series2,C:\Users\karhohs\Documents\GitHub\2017_06_20_Machlus_megakarocyte_differentiation\images\time_series2,Done,1,255,1,0,0,0,0.5,0.5,0.5,0.3,0.5,0.5,0.5,0.3,-10.96463293,-6.345602555,-6.34561442,-11.73900006,2.086500301,0,0,2.668949745,file:///C:/Users/karhohs/Documents/GitHub/2017_06_20_Machlus_megakarocyte_differentiation/images/time_series2/161212_Inhibitors_B2_4-0016_Probabilities%20Stage%202_2.tif,file:///C:/Users/karhohs/Documents/GitHub/2017_06_20_Machlus_megakarocyte_differentiation/images/time_series2/161212_Inhibitors_B2_4-0016.tif,file:///C:/Users/karhohs/Documents/GitHub/2017_06_20_Machlus_megakarocyte_differentiation/images/time_series2/161212_Inhibitors_B2_4-0016_Probabilities%20Stage%202_3.tif,1280,1280,1280
0.499097856,28317,28215,10037,10972,1310720,1310720,-1,-1,-1,286,22,0,0,0.875,0,0.703125,0.640625,0.046875,2.109375,1.265625,1.234375,0.546875,0.140625,161212_Inhibitors_B2_4-0017_Probabilities Stage 2_2.tif,161212_Inhibitors_B2_4-0017.tif,161212_Inhibitors_B2_4-0017_Probabilities Stage 2_3.tif,0,0,0,43,1,1024,1024,1024,43,eLsNb8TUG63qh1LOMR+t6od8PI1W9gMeO1SKAVChZgcAuv6x9A==,5a42fb15ed0edf3fbc1e520c23fe42ae,715e141ae6cfdeccd1c62f93a58b1eaf,f8571420ce00f48e5f5e0eab62d291c1,nan,0,0,4,B2,nan,nan,17,0,0,0,0,0,0,0,0,0,0,0,0,C:\Users\karhohs\Documents\GitHub\2017_06_20_Machlus_megakarocyte_differentiation\images\time_series2,C:\Users\karhohs\Documents\GitHub\2017_06_20_Machlus_megakarocyte_differentiation\images\time_series2,C:\Users\karhohs\Documents\GitHub\2017_06_20_Machlus_megakarocyte_differentiation\images\time_series2,Done,1,255,1,0,0,0,0.5,0.5,0.5,0.3,0.5,0.5,0.5,0.3,-10.99963752,-6.345606862,-6.345365435,-11.76621908,2.183599252,0,0,2.776875532,file:///C:/Users/karhohs/Documents/GitHub/2017_06_20_Machlus_megakarocyte_differentiation/images/time_series2/161212_Inhibitors_B2_4-0017_Probabilities%20Stage%202_2.tif,file:///C:/Users/karhohs/Documents/GitHub/2017_06_20_Machlus_megakarocyte_differentiation/images/time_series2/161212_Inhibitors_B2_4-0017.tif,file:///C:/Users/karhohs/Documents/GitHub/2017_06_20_Machlus_megakarocyte_differentiation/images/time_series2/161212_Inhibitors_B2_4-0017_Probabilities%20Stage%202_3.tif,1280,1280,1280
0.551582262,26484,32577,10069,10743,1310720,1310720,-1,-1,-1,363,24,0,0,0.765625,0,0.71875,0.765625,0.03125,1.890625,1,1.125,0.5,0.125,161212_Inhibitors_B2_4-0018_Probabilities Stage 2_2.tif,161212_Inhibitors_B2_4-0018.tif,161212_Inhibitors_B2_4-0018_Probabilities Stage 2_3.tif,0,0,0,44,1,1024,1024,1024,44,eLsNb8TUG63qh1LOsRit6od8PI1W9gMeO1SKAVChZgcAwMmx9w==,acbe4df47d9c049f6a5817a06487d166,0349bc4ff35c86475d19477b29d2370d,38a2bac42386c100deeb229c4e34256a,nan,0,0,4,B2,nan,nan,18,0,0,0,0,0,0,0,0,0,0,0,0,C:\Users\karhohs\Documents\GitHub\2017_06_20_Machlus_megakarocyte_differentiation\images\time_series2,C:\Users\karhohs\Documents\GitHub\2017_06_20_Machlus_megakarocyte_differentiation\images\time_series2,C:\Users\karhohs\Documents\GitHub\2017_06_20_Machlus_megakarocyte_differentiation\images\time_series2,Done,1,255,1,0,0,0,0.5,0.5,0.5,0.3,0.5,0.5,0.5,0.3,-10.984406,-6.345596649,-6.345481202,-11.77037668,2.019359674,0,0,2.404784164,file:///C:/Users/karhohs/Documents/GitHub/2017_06_20_Machlus_megakarocyte_differentiation/images/time_series2/161212_Inhibitors_B2_4-0018_Probabilities%20Stage%202_2.tif,file:///C:/Users/karhohs/Documents/GitHub/2017_06_20_Machlus_megakarocyte_differentiation/images/time_series2/161212_Inhibitors_B2_4-0018.tif,file:///C:/Users/karhohs/Documents/GitHub/2017_06_20_Machlus_megakarocyte_differentiation/images/time_series2/161212_Inhibitors_B2_4-0018_Probabilities%20Stage%202_3.tif,1280,1280,1280
0.53851486,26630,31075,10246,9561,1310720,1310720,-1,-1,-1,355,20,0,0,0.890625,0,0.71875,0.765625,0.046875,1.953125,1.015625,1.078125,0.46875,0.109375,161212_Inhibitors_B2_4-0019_Probabilities Stage 2_2.tif,161212_Inhibitors_B2_4-0019.tif,161212_Inhibitors_B2_4-0019_Probabilities Stage 2_3.tif,0,0,0,45,1,1024,1024,1024,45,eLsNb8TUG63qh1LOsRyt6od8PI1W9gMeO1SKAVChZgcAxpSx+g==,951cdf27d3e34a46fb69eba3eb24a1e3,6c0325abe0980f36206bd1957fc89783,3a0b38af5955c8db9dc5311bdc9524f4,nan,0,0,4,B2,nan,nan,19,0,0,0,0,0,0,0,0,0,0,0,0,C:\Users\karhohs\Documents\GitHub\2017_06_20_Machlus_megakarocyte_differentiation\images\time_series2,C:\Users\karhohs\Documents\GitHub\2017_06_20_Machlus_megakarocyte_differentiation\images\time_series2,C:\Users\karhohs\Documents\GitHub\2017_06_20_Machlus_megakarocyte_differentiation\images\time_series2,Done,1,255,1,0,0,0,0.5,0.5,0.5,0.3,0.5,0.5,0.5,0.3,-10.98029338,-6.345511613,-6.345618489,-11.74596739,2.019569116,0,0,2.343158446,file:///C:/Users/karhohs/Documents/GitHub/2017_06_20_Machlus_megakarocyte_differentiation/images/time_series2/161212_Inhibitors_B2_4-0019_Probabilities%20Stage%202_2.tif,file:///C:/Users/karhohs/Documents/GitHub/2017_06_20_Machlus_megakarocyte_differentiation/images/time_series2/161212_Inhibitors_B2_4-0019.tif,file:///C:/Users/karhohs/Documents/GitHub/2017_06_20_Machlus_megakarocyte_differentiation/images/time_series2/161212_Inhibitors_B2_4-0019_Probabilities%20Stage%202_3.tif,1280,1280,1280
0.530849398,24264,27455,8440,10634,1310720,1310720,-1,-1,-1,208,23,0,0,0.75,0,0.6875,0.578125,0.03125,1.90625,1.203125,1.28125,0.5,0.140625,161212_Inhibitors_B2_4-0020_Probabilities Stage 2_2.tif,161212_Inhibitors_B2_4-0020.tif,161212_Inhibitors_B2_4-0020_Probabilities Stage 2_3.tif,0,0,0,46,1,1024,1024,1024,46,eLsNb8TUG63qh1DOMcJXiYxW9UMjnkYr+wGPHSrFAKhQswMAmD+x4g==,a18515a819daba4c1f64391a41d52245,8993aa17522398a0f26618fc6b248e59,fc218965d5cdaa822941dd05f4a7207b,nan,0,0,4,B2,nan,nan,20,0,0,0,0,0,0,0,0,0,0,0,0,C:\Users\karhohs\Documents\GitHub\2017_06_20_Machlus_megakarocyte_differentiation\images\time_series2,C:\Users\karhohs\Documents\GitHub\2017_06_20_Machlus_megakarocyte_differentiation\images\time_series2,C:\Users\karhohs\Documents\GitHub\2017_06_20_Machlus_megakarocyte_differentiation\images\time_series2,Done,1,255,1,0,0,0,0.5,0.5,0.5,0.3,0.5,0.5,0.5,0.3,-10.93713454,-6.345333922,-6.345610569,-11.82552442,1.966051501,0,0,2.453057855,file:///C:/Users/karhohs/Documents/GitHub/2017_06_20_Machlus_megakarocyte_differentiation/images/time_series2/161212_Inhibitors_B2_4-0020_Probabilities%20Stage%202_2.tif,file:///C:/Users/karhohs/Documents/GitHub/2017_06_20_Machlus_megakarocyte_differentiation/images/time_series2/161212_Inhibitors_B2_4-0020.tif,file:///C:/Users/karhohs/Documents/GitHub/2017_06_20_Machlus_megakarocyte_differentiation/images/time_series2/161212_Inhibitors_B2_4-0020_Probabilities%20Stage%202_3.tif,1280,1280,1280
0.560917627,22164,28314,8006,9089,1310720,1310720,-1,-1,-1,221,21,0,0,1.0625,0,0.65625,0.671875,0.03125,2.09375,1.359375,1.25,0.484375,0.125,161212_Inhibitors_B2_4-0021_Probabilities Stage 2_2.tif,161212_Inhibitors_B2_4-0021.tif,161212_Inhibitors_B2_4-0021_Probabilities Stage 2_3.tif,0,0,0,47,1,1024,1024,1024,47,eLsNb8TUG63qh1DOMRqt6od+PI1W9gMeO1SKAVChZgcAngqx5Q==,b3a233d4cae9d0bbc35ca93fddcf8359,bf0d43d045451ee9960e7be20b62dddd,67f84f4529c7b378d8d48e57fb240e1c,nan,0,0,4,B2,nan,nan,21,0,0,0,0,0,0,0,0,0,0,0,0,C:\Users\karhohs\Documents\GitHub\2017_06_20_Machlus_megakarocyte_differentiation\images\time_series2,C:\Users\karhohs\Documents\GitHub\2017_06_20_Machlus_megakarocyte_differentiation\images\time_series2,C:\Users\karhohs\Documents\GitHub\2017_06_20_Machlus_megakarocyte_differentiation\images\time_series2,Done,1,255,1,0,0,0,0.5,0.5,0.5,0.3,0.5,0.5,0.5,0.3,-10.92745362,-6.345430433,-6.345499109,-11.82999632,1.896425363,0,0,2.572045998,file:///C:/Users/karhohs/Documents/GitHub/2017_06_20_Machlus_megakarocyte_differentiation/images/time_series2/161212_Inhibitors_B2_4-0021_Probabilities%20Stage%202_2.tif,file:///C:/Users/karhohs/Documents/GitHub/2017_06_20_Machlus_megakarocyte_differentiation/images/time_series2/161212_Inhibitors_B2_4-0021.tif,file:///C:/Users/karhohs/Documents/GitHub/2017_06_20_Machlus_megakarocyte_differentiation/images/time_series2/161212_Inhibitors_B2_4-0021_Probabilities%20Stage%202_3.tif,1280,1280,1280
0.538635871,23411,27332,8282,9093,1310720,1310720,-1,-1,-1,235,23,0,0,0.6875,0,0.65625,0.65625,0.046875,2.15625,1.28125,1.140625,0.46875,0.109375,161212_Inhibitors_B2_4-0022_Probabilities Stage 2_2.tif,161212_Inhibitors_B2_4-0022.tif,161212_Inhibitors_B2_4-0022_Probabilities Stage 2_3.tif,0,0,0,48,1,1024,1024,1024,48,eLsNb8TUG63qh1DOMTIareqHfDyNVvYDHjtUigFQoWYHAKPVseg=,a1269a208b2ee56b50f234c2cea143e9,4e4d4ca5db915a291dcdd75e3076ac8a,20cd6a6b8907c0bfc6c53132b00a4947,nan,0,0,4,B2,nan,nan,22,0,0,0,0,0,0,0,0,0,0,0,0,C:\Users\karhohs\Documents\GitHub\2017_06_20_Machlus_megakarocyte_differentiation\images\time_series2,C:\Users\karhohs\Documents\GitHub\2017_06_20_Machlus_megakarocyte_differentiation\images\time_series2,C:\Users\karhohs\Documents\GitHub\2017_06_20_Machlus_megakarocyte_differentiation\images\time_series2,Done,1,255,1,0,0,0,0.5,0.5,0.5,0.3,0.5,0.5,0.5,0.3,-10.90327942,-6.345366485,-6.345468932,-11.73393639,1.875416412,0,0,2.405240248,file:///C:/Users/karhohs/Documents/GitHub/2017_06_20_Machlus_megakarocyte_differentiation/images/time_series2/161212_Inhibitors_B2_4-0022_Probabilities%20Stage%202_2.tif,file:///C:/Users/karhohs/Documents/GitHub/2017_06_20_Machlus_megakarocyte_differentiation/images/time_series2/161212_Inhibitors_B2_4-0022.tif,file:///C:/Users/karhohs/Documents/GitHub/2017_06_20_Machlus_megakarocyte_differentiation/images/time_series2/161212_Inhibitors_B2_4-0022_Probabilities%20Stage%202_3.tif,1280,1280,1280
0.465305767,24543,21358,8570,7258,1310720,1310720,-1,-1,-1,256,17,0,0,0.765625,0,0.65625,0.640625,0.046875,2.109375,1.28125,1.171875,0.5,0.125,161212_Inhibitors_B2_4-0023_Probabilities Stage 2_2.tif,161212_Inhibitors_B2_4-0023.tif,161212_Inhibitors_B2_4-0023_Probabilities Stage 2_3.tif,0,0,0,49,1,1024,1024,1024,49,eLsNb8TUG63qh1DOMTIereqHfDyNVvYDHjtUigFQoWYHAKmgses=,da63ec84ebdc0dd6378a53e1fd694f9f,888e082edaccb64c047bfa0b68b82b15,a76fef733f903812aaa821b8b64986cd,nan,0,0,4,B2,nan,nan,23,0,0,0,0,0,0,0,0,0,0,0,0,C:\Users\karhohs\Documents\GitHub\2017_06_20_Machlus_megakarocyte_differentiation\images\time_series2,C:\Users\karhohs\Documents\GitHub\2017_06_20_Machlus_megakarocyte_differentiation\images\time_series2,C:\Users\karhohs\Documents\GitHub\2017_06_20_Machlus_megakarocyte_differentiation\images\time_series2,Done,1,255,1,0,0,0,0.5,0.5,0.5,0.3,0.5,0.5,0.5,0.3,-10.90907522,-6.345393769,-6.345207732,-11.72573722,1.78941636,0,0,2.351194155,file:///C:/Users/karhohs/Documents/GitHub/2017_06_20_Machlus_megakarocyte_differentiation/images/time_series2/161212_Inhibitors_B2_4-0023_Probabilities%20Stage%202_2.tif,file:///C:/Users/karhohs/Documents/GitHub/2017_06_20_Machlus_megakarocyte_differentiation/images/time_series2/161212_Inhibitors_B2_4-0023.tif,file:///C:/Users/karhohs/Documents/GitHub/2017_06_20_Machlus_megakarocyte_differentiation/images/time_series2/161212_Inhibitors_B2_4-0023_Probabilities%20Stage%202_3.tif,1280,1280,1280
0.512482877,22066,23196,8183,7640,1310720,1310720,-1,-1,-1,248,15,0.015625,0,0.96875,0,0.6875,0.6875,0.0625,2.1875,1.3125,1.1875,0.515625,0.15625,161212_Inhibitors_B2_4-0024_Probabilities Stage 2_2.tif,161212_Inhibitors_B2_4-0024.tif,161212_Inhibitors_B2_4-0024_Probabilities Stage 2_3.tif,0,0,0,50,1,1024,1024,1024,50,eLsNb8TUG63qh1DOMRrt1Qz9eBqt7Ac8dqgUA6BCzQ4Ar2ux7g==,2987e96a1456f1f07bbe326fdb9f3d95,2cd7f7a1833c4d6485eb886788b9186a,5275e1d0fbf494557b3c2d87852e8d5d,nan,0,0,4,B2,nan,nan,24,0,0,0,0,0,0,0,0,0,0,0,0,C:\Users\karhohs\Documents\GitHub\2017_06_20_Machlus_megakarocyte_differentiation\images\time_series2,C:\Users\karhohs\Documents\GitHub\2017_06_20_Machlus_megakarocyte_differentiation\images\time_series2,C:\Users\karhohs\Documents\GitHub\2017_06_20_Machlus_megakarocyte_differentiation\images\time_series2,Done,1,255,1,0,0,0,0.5,0.5,0.5,0.3,0.5,0.5,0.5,0.3,-10.61511473,-6.34560479,-6.357547881,-11.6560574,1.413283652,0,0,2.461283606,file:///C:/Users/karhohs/Documents/GitHub/2017_06_20_Machlus_megakarocyte_differentiation/images/time_series2/161212_Inhibitors_B2_4-0024_Probabilities%20Stage%202_2.tif,file:///C:/Users/karhohs/Documents/GitHub/2017_06_20_Machlus_megakarocyte_differentiation/images/time_series2/161212_Inhibitors_B2_4-0024.tif,file:///C:/Users/karhohs/Documents/GitHub/2017_06_20_Machlus_megakarocyte_differentiation/images/time_series2/161212_Inhibitors_B2_4-0024_Probabilities%20Stage%202_3.tif,1280,1280,1280
0.520917801,21151,22998,8074,7435,1310720,1310720,-1,-1,-1,253,14,0,0,0.921875,0,0.71875,0.703125,0.046875,1.9375,0.96875,1,0.4375,0.078125,161212_Inhibitors_B2_4-0025_Probabilities Stage 2_2.tif,161212_Inhibitors_B2_4-0025.tif,161212_Inhibitors_B2_4-0025_Probabilities Stage 2_3.tif,0,0,0,51,1,1024,1024,1024,51,eLsNb8TUG63qh1DOMTIdreqHfDyNVvYDHjtUigFQoWYHALU2sfE=,6604495d8ccf643acd01711dfba32caa,e66dd295217e637b7cad289cdaf49d2b,4fbe0ee32790b377178b96d52bf3a020,nan,0,0,4,B2,nan,nan,25,0,0,0,0,0,0,0,0,0,0,0,0,C:\Users\karhohs\Documents\GitHub\2017_06_20_Machlus_megakarocyte_differentiation\images\time_series2,C:\Users\karhohs\Documents\GitHub\2017_06_20_Machlus_megakarocyte_differentiation\images\time_series2,C:\Users\karhohs\Documents\GitHub\2017_06_20_Machlus_megakarocyte_differentiation\images\time_series2,Done,1,255,1,0,0,0,0.5,0.5,0.5,0.3,0.5,0.5,0.5,0.3,-10.55297195,-6.345530045,-6.345522705,-11.62838143,1.394985246,0,0,2.430221213,file:///C:/Users/karhohs/Documents/GitHub/2017_06_20_Machlus_megakarocyte_differentiation/images/time_series2/161212_Inhibitors_B2_4-0025_Probabilities%20Stage%202_2.tif,file:///C:/Users/karhohs/Documents/GitHub/2017_06_20_Machlus_megakarocyte_differentiation/images/time_series2/161212_Inhibitors_B2_4-0025.tif,file:///C:/Users/karhohs/Documents/GitHub/2017_06_20_Machlus_megakarocyte_differentiation/images/time_series2/161212_Inhibitors_B2_4-0025_Probabilities%20Stage%202_3.tif,1280,1280,1280
0.543702282,21874,26064,8436,9296,1310720,1310720,-1,-1,-1,295,21,0,0,1,0,0.734375,0.734375,0.046875,1.953125,0.953125,0.96875,0.53125,0.078125,161212_Inhibitors_B2_4-0026_Probabilities Stage 2_2.tif,161212_Inhibitors_B2_4-0026.tif,161212_Inhibitors_B2_4-0026_Probabilities Stage 2_3.tif,0,0,0,52,1,1024,1024,1024,52,eLsNb8TUG63qh1DOMTIbreqHfDyNVvYDHjtUigFQoWYHALsBsfQ=,c74d0c89e73227ef9e857976bfcc5ec5,09f43b39e11e8e3ff5f83d2e0a19e413,d046d410e98b04e5a90afa22aa559d4a,nan,0,0,4,B2,nan,nan,26,0,0,0,0,0,0,0,0,0,0,0,0,C:\Users\karhohs\Documents\GitHub\2017_06_20_Machlus_megakarocyte_differentiation\images\time_series2,C:\Users\karhohs\Documents\GitHub\2017_06_20_Machlus_megakarocyte_differentiation\images\time_series2,C:\Users\karhohs\Documents\GitHub\2017_06_20_Machlus_megakarocyte_differentiation\images\time_series2,Done,1,255,1,0,0,0,0.5,0.5,0.5,0.3,0.5,0.5,0.5,0.3,-10.93166279,-6.345431199,-6.345350634,-11.65490543,1.80542617,0,0,2.585032333,file:///C:/Users/karhohs/Documents/GitHub/2017_06_20_Machlus_megakarocyte_differentiation/images/time_series2/161212_Inhibitors_B2_4-0026_Probabilities%20Stage%202_2.tif,file:///C:/Users/karhohs/Documents/GitHub/2017_06_20_Machlus_megakarocyte_differentiation/images/time_series2/161212_Inhibitors_B2_4-0026.tif,file:///C:/Users/karhohs/Documents/GitHub/2017_06_20_Machlus_megakarocyte_differentiation/images/time_series2/161212_Inhibitors_B2_4-0026_Probabilities%20Stage%202_3.tif,1280,1280,1280
